speaker_id,age,gender,ethnicity
part1_0001,24,F,MALAY
part1_0002,25,F,INDIAN
part1_0003,25,M,MALAY
part1_0004,23,F,CHINESE
part1_0005,41,F,CHINESE
part1_0006,31,M,CHINESE
part1_0007,36,M,CHINESE
part1_0008,25,M,CHINESE
part1_0009,24,M,CHINESE
part1_0010,20,M,CHINESE
part1_0011,20,F,CHINESE
part1_0012,23,M,CHINESE
part1_0013,38,M,MALAY
part1_0014,22,M,CHINESE
part1_0016,22,M,CHINESE
part1_0017,32,F,MALAY
part1_0018,42,M,CHINESE
part1_0019,40,M,CHINESE
part1_0020,37,F,CHINESE
part1_0021,24,F,CHINESE
part1_0022,57,M,CHINESE
part1_0023,59,F,CHINESE
part1_0024,20,M,CHINESE
part1_0025,59,F,CHINESE
part1_0026,57,F,CHINESE
part1_0027,56,F,CHINESE
part1_0028,44,M,CHINESE
part1_0029,22,F,CHINESE
part1_0030,50,M,CHINESE
part1_0031,43,F,CHINESE
part1_0032,47,F,CHINESE
part1_0033,23,F,CHINESE
part1_0034,18,M,CHINESE
part1_0035,24,M,CHINESE
part1_0036,34,M,CHINESE
part1_0037,22,F,INDIAN
part1_0038,21,F,CHINESE
part1_0039,25,M,CHINESE
part1_0040,35,F,CHINESE
part1_0041,26,F,CHINESE
part1_0042,50,M,CHINESE
part1_0043,41,M,CHINESE
part1_0044,58,M,CHINESE
part1_0045,24,F,MALAY
part1_0046,32,M,CHINESE
part1_0047,22,M,INDIAN
part1_0048,18,M,CHINESE
part1_0049,36,M,CHINESE
part1_0050,22,M,CHINESE
part1_0051,24,F,MALAY
part1_0052,49,M,CHINESE
part1_0053,22,F,CHINESE
part1_0054,20,F,CHINESE
part1_0055,56,F,CHINESE
part1_0056,23,M,CHINESE
part1_0057,27,F,CHINESE
part1_0058,19,F,CHINESE
part1_0059,23,M,CHINESE
part1_0060,60,F,CHINESE
part1_0061,25,M,MALAY
part1_0062,49,F,CHINESE
part1_0063,54,F,CHINESE
part1_0064,34,F,CHINESE
part1_0065,23,F,CHINESE
part1_0066,21,F,CHINESE
part1_0067,38,F,CHINESE
part1_0068,21,F,CHINESE
part1_0069,42,F,INDIAN
part1_0070,51,M,INDIAN
part1_0071,24,F,CHINESE
part1_0072,58,F,CHINESE
part1_0073,49,F,CHINESE
part1_0074,22,M,CHINESE
part1_0075,28,M,MALAY
part1_0076,46,F,CHINESE
part1_0077,48,F,CHINESE
part1_0078,23,M,MALAY
part1_0079,21,F,CHINESE
part1_0080,35,F,CHINESE
part1_0081,21,F,CHINESE
part1_0082,39,F,CHINESE
part1_0083,47,M,CHINESE
part1_0084,53,F,CHINESE
part1_0085,32,F,CHINESE
part1_0086,32,F,CHINESE
part1_0087,23,F,CHINESE
part1_0088,25,M,CHINESE
part1_0089,32,F,MALAY
part1_0090,51,F,CHINESE
part1_0091,22,F,CHINESE
part1_0092,34,F,CHINESE
part1_0093,20,M,MALAY
part1_0095,42,F,CHINESE
part1_0096,34,M,MALAY
part1_0097,44,F,CHINESE
part1_0098,35,M,CHINESE
part1_0099,26,M,CHINESE
part1_0100,22,F,CHINESE
part1_0101,51,F,CHINESE
part1_0102,59,F,CHINESE
part1_0104,22,M,CHINESE
part1_0105,21,F,CHINESE
part1_0106,57,F,CHINESE
part1_0107,33,M,CHINESE
part1_0108,37,F,CHINESE
part1_0109,24,F,CHINESE
part1_0110,22,F,INDIAN
part1_0111,22,M,CHINESE
part1_0112,22,F,CHINESE
part1_0113,26,F,CHINESE
part1_0114,39,F,CHINESE
part1_0115,24,F,CHINESE
part1_0116,21,M,MALAY
part1_0117,24,M,CHINESE
part1_0118,46,F,CHINESE
part1_0119,25,F,CHINESE
part1_0120,51,M,MALAY
part1_0121,57,F,CHINESE
part1_0122,47,F,CHINESE
part1_0123,28,F,CHINESE
part1_0124,60,F,CHINESE
part1_0125,26,M,CHINESE
part1_0126,22,M,CHINESE
part1_0127,24,M,CHINESE
part1_0128,30,M,CHINESE
part1_0129,29,M,CHINESE
part1_0130,21,F,CHINESE
part1_0131,37,M,CHINESE
part1_0132,49,F,CHINESE
part1_0133,21,M,CHINESE
part1_0134,32,F,CHINESE
part1_0135,31,F,CHINESE
part1_0136,24,F,CHINESE
part1_0137,43,F,MALAY
part1_0138,20,F,CHINESE
part1_0139,23,F,CHINESE
part1_0140,22,M,CHINESE
part1_0141,20,M,CHINESE
part1_0142,60,F,CHINESE
part1_0143,18,M,MALAY
part1_0144,27,F,CHINESE
part1_0145,26,M,CHINESE
part1_0146,34,M,CHINESE
part1_0147,34,M,CHINESE
part1_0149,20,F,CHINESE
part1_0151,31,F,CHINESE
part1_0152,20,F,CHINESE
part1_0153,22,M,MALAY
part1_0154,37,F,MALAY
part1_0155,41,M,MALAY
part1_0156,23,F,INDIAN
part1_0157,23,F,CHINESE
part1_0158,20,F,CHINESE
part1_0159,32,M,CHINESE
part1_0160,20,F,CHINESE
part1_0161,45,M,MALAY
part1_0162,19,F,CHINESE
part1_0163,32,M,INDIAN
part1_0164,49,M,MALAY
part1_0165,23,M,INDIAN
part1_0166,24,F,CHINESE
part1_0167,21,F,CHINESE
part1_0168,31,M,INDIAN
part1_0169,35,M,MALAY
part1_0170,18,F,CHINESE
part1_0171,30,F,CHINESE
part1_0172,42,F,CHINESE
part1_0173,19,M,CHINESE
part1_0174,25,F,CHINESE
part1_0175,34,M,CHINESE
part1_0176,42,M,CHINESE
part1_0177,18,F,CHINESE
part1_0178,18,F,CHINESE
part1_0179,30,M,CHINESE
part1_0180,23,F,CHINESE
part1_0181,19,M,CHINESE
part1_0182,31,M,INDIAN
part1_0183,36,M,CHINESE
part1_0184,60,M,CHINESE
part1_0185,31,M,INDIAN
part1_0186,22,F,INDIAN
part1_0187,60,F,CHINESE
part1_0188,20,F,CHINESE
part1_0189,34,F,MALAY
part1_0190,36,M,MALAY
part1_0191,20,M,MALAY
part1_0192,22,M,MALAY
part1_0193,51,F,CHINESE
part1_0194,18,M,MALAY
part1_0195,23,F,CHINESE
part1_0196,53,F,CHINESE
part1_0197,35,F,CHINESE
part1_0198,60,M,CHINESE
part1_0199,20,F,CHINESE
part1_0200,39,F,CHINESE
part1_0201,52,M,MALAY
part1_0202,28,F,CHINESE
part1_0203,30,M,INDIAN
part1_0204,18,M,INDIAN
part1_0205,23,M,CHINESE
part1_0206,33,F,MALAY
part1_0207,21,F,INDIAN
part1_0208,21,F,CHINESE
part1_0209,50,F,CHINESE
part1_0210,19,F,MALAY
part1_0211,48,M,CHINESE
part1_0212,24,M,CHINESE
part1_0213,23,F,CHINESE
part1_0214,31,M,INDIAN
part1_0215,49,F,INDIAN
part1_0216,48,F,INDIAN
part1_0217,59,M,INDIAN
part1_0218,31,M,CHINESE
part1_0219,60,M,CHINESE
part1_0220,28,M,INDIAN
part1_0221,30,F,MALAY
part1_0222,24,M,CHINESE
part1_0223,21,F,CHINESE
part1_0224,50,M,MALAY
part1_0225,27,F,MALAY
part1_0226,24,M,INDIAN
part1_0227,21,F,MALAY
part1_0228,34,F,INDIAN
part1_0230,18,M,CHINESE
part1_0231,30,F,MALAY
part1_0232,44,M,CHINESE
part1_0233,22,F,CHINESE
part1_0234,18,F,INDIAN
part1_0235,40,F,MALAY
part1_0236,30,F,MALAY
part1_0237,34,F,INDIAN
part1_0238,18,M,MALAY
part1_0239,23,F,CHINESE
part1_0240,37,F,MALAY
part1_0241,22,F,CHINESE
part1_0242,45,F,MALAY
part1_0243,18,M,MALAY
part1_0244,37,M,CHINESE
part1_0245,30,M,INDIAN
part1_0246,27,M,MALAY
part1_0247,39,M,CHINESE
part1_0248,23,F,CHINESE
part1_0249,51,M,INDIAN
part1_0250,32,M,INDIAN
part1_0251,60,M,CHINESE
part1_0252,19,F,CHINESE
part1_0253,19,F,CHINESE
part1_0254,21,F,CHINESE
part1_0255,47,F,INDIAN
part1_0256,28,F,CHINESE
part1_0257,21,F,INDIAN
part1_0258,19,F,CHINESE
part1_0259,19,F,CHINESE
part1_0260,21,F,CHINESE
part1_0261,19,F,CHINESE
part1_0262,21,F,CHINESE
part1_0263,22,F,CHINESE
part1_0264,20,F,CHINESE
part1_0265,20,M,CHINESE
part1_0266,20,F,CHINESE
part1_0267,22,M,CHINESE
part1_0268,19,M,CHINESE
part1_0269,20,F,CHINESE
part1_0270,20,F,CHINESE
part1_0271,68,M,INDIAN
part1_0272,19,F,CHINESE
part1_0273,26,M,CHINESE
part1_0274,23,F,CHINESE
part1_0275,20,F,INDIAN
part1_0277,31,M,INDIAN
part1_0278,52,F,INDIAN
part1_0279,61,F,INDIAN
part1_0280,66,F,INDIAN
part1_0281,57,M,CHINESE
part1_0282,31,M,INDIAN
part1_0283,63,M,INDIAN
part1_0284,18,F,CHINESE
part1_0285,30,M,CHINESE
part1_0286,25,M,INDIAN
part1_0287,31,M,MALAY
part1_0288,31,M,MALAY
part1_0289,52,M,CHINESE
part1_0290,35,F,CHINESE
part1_0291,25,M,MALAY
part1_0292,30,M,MALAY
part1_0293,46,M,CHINESE
part1_0294,49,M,INDIAN
part1_0295,26,M,CHINESE
part1_0296,26,F,CHINESE
part1_0297,35,F,INDIAN
part1_0298,46,M,MALAY
part1_0299,39,M,MALAY
part1_0300,24,F,CHINESE
part1_0301,21,M,INDIAN
part1_0302,31,M,MALAY
part1_0303,33,M,INDIAN
part1_0305,22,F,MALAY
part1_0306,24,M,CHINESE
part1_0307,23,F,CHINESE
part1_0308,46,F,CHINESE
part1_0309,41,F,MALAY
part1_0310,23,F,CHINESE
part1_0311,26,M,CHINESE
part1_0312,56,F,CHINESE
part1_0313,31,F,CHINESE
part1_0314,26,M,CHINESE
part1_0315,18,F,CHINESE
part1_0316,50,F,CHINESE
part1_0317,39,F,CHINESE
part1_0318,24,M,MALAY
part1_0319,22,F,MALAY
part1_0320,21,M,CHINESE
part1_0321,59,M,CHINESE
part1_0322,31,F,MALAY
part1_0323,31,M,MALAY
part1_0324,36,F,CHINESE
part1_0325,20,F,CHINESE
part1_0326,32,M,MALAY
part1_0327,22,M,CHINESE
part1_0328,43,F,CHINESE
part1_0329,44,F,CHINESE
part1_0330,43,M,CHINESE
part1_0331,31,F,CHINESE
part1_0332,22,F,INDIAN
part1_0333,32,F,MALAY
part1_0334,22,F,CHINESE
part1_0335,22,F,MALAY
part1_0336,22,F,CHINESE
part1_0337,40,M,CHINESE
part1_0338,42,F,CHINESE
part1_0339,43,M,CHINESE
part1_0340,22,M,CHINESE
part1_0341,24,F,CHINESE
part1_0342,23,M,CHINESE
part1_0343,24,M,CHINESE
part1_0344,19,F,CHINESE
part1_0345,21,F,CHINESE
part1_0346,44,M,CHINESE
part1_0347,44,M,CHINESE
part1_0348,20,F,CHINESE
part1_0349,39,F,CHINESE
part1_0352,35,M,CHINESE
part1_0353,20,M,CHINESE
part1_0354,24,F,CHINESE
part1_0355,25,M,CHINESE
part1_0356,30,M,CHINESE
part1_0357,37,F,CHINESE
part1_0358,22,M,MALAY
part1_0359,54,M,MALAY
part1_0360,21,F,MALAY
part1_0361,41,M,CHINESE
part1_0362,55,M,MALAY
part1_0363,50,F,MALAY
part1_0364,22,M,CHINESE
part1_0365,22,M,MALAY
part1_0366,33,M,CHINESE
part1_0367,52,F,MALAY
part1_0368,49,F,CHINESE
part1_0369,46,F,MALAY
part1_0370,24,M,MALAY
part1_0371,25,M,CHINESE
part1_0372,51,F,MALAY
part1_0373,24,F,CHINESE
part1_0374,44,F,CHINESE
part1_0375,24,M,CHINESE
part1_0376,34,M,CHINESE
part1_0377,21,F,CHINESE
part1_0378,21,F,CHINESE
part1_0379,46,M,CHINESE
part1_0380,21,F,INDIAN
part1_0381,20,M,CHINESE
part1_0382,55,M,CHINESE
part1_0383,20,F,CHINESE
part1_0384,21,F,CHINESE
part1_0385,32,F,MALAY
part1_0386,25,M,CHINESE
part1_0387,39,M,CHINESE
part1_0388,20,F,CHINESE
part1_0389,20,F,CHINESE
part1_0390,40,F,CHINESE
part1_0391,22,M,CHINESE
part1_0392,24,M,CHINESE
part1_0393,32,M,INDIAN
part1_0394,21,F,CHINESE
part1_0395,41,F,CHINESE
part1_0396,23,F,CHINESE
part1_0397,46,F,INDIAN
part1_0398,20,F,CHINESE
part1_0399,59,F,CHINESE
part1_0400,21,M,CHINESE
part1_0401,26,F,CHINESE
part1_0402,23,F,CHINESE
part1_0403,23,F,CHINESE
part1_0404,19,F,CHINESE
part1_0405,25,F,CHINESE
part1_0406,44,F,INDIAN
part1_0407,52,M,CHINESE
part1_0408,27,M,CHINESE
part1_0409,56,M,INDIAN
part1_0410,19,M,CHINESE
part1_0411,22,M,CHINESE
part1_0412,22,M,CHINESE
part1_0413,37,M,CHINESE
part1_0414,23,F,CHINESE
part1_0415,21,F,CHINESE
part1_0416,18,F,MALAY
part1_0417,32,M,MALAY
part1_0418,48,F,MALAY
part1_0419,22,F,INDIAN
part1_0420,23,M,CHINESE
part1_0421,21,F,CHINESE
part1_0422,21,F,CHINESE
part1_0423,53,F,CHINESE
part1_0424,41,F,CHINESE
part1_0425,24,M,CHINESE
part1_0426,31,F,CHINESE
part1_0427,50,F,CHINESE
part1_0428,24,M,CHINESE
part1_0429,24,M,CHINESE
part1_0430,56,F,CHINESE
part1_0431,20,F,CHINESE
part1_0432,46,F,INDIAN
part1_0437,21,F,CHINESE
part1_0438,22,F,CHINESE
part1_0439,51,F,CHINESE
part1_0440,24,M,INDIAN
part1_0443,31,F,CHINESE
part1_0444,44,F,MALAY
part1_0445,23,F,MALAY
part1_0446,22,F,INDIAN
part1_0449,31,F,CHINESE
part1_0450,50,F,CHINESE
part1_0451,33,F,CHINESE
part1_0452,52,M,CHINESE
part1_0454,21,M,CHINESE
part1_0455,22,F,INDIAN
part1_0456,23,F,CHINESE
part1_0457,22,M,MALAY
part1_0458,50,F,CHINESE
part1_0459,19,F,MALAY
part1_0460,32,F,CHINESE
part1_0461,21,F,INDIAN
part1_0462,24,F,MALAY
part1_0463,30,F,CHINESE
part1_0464,35,M,CHINESE
part1_0465,21,M,CHINESE
part1_0466,19,F,MALAY
part1_0467,46,F,MALAY
part1_0468,22,M,INDIAN
part1_0469,22,M,CHINESE
part1_0470,21,M,INDIAN
part1_0473,25,M,INDIAN
part1_0474,55,F,CHINESE
part1_0475,20,F,MALAY
part1_0476,43,F,CHINESE
part1_0477,21,F,MALAY
part1_0478,21,F,CHINESE
part1_0479,43,M,MALAY
part1_0480,57,F,CHINESE
part1_0481,52,F,CHINESE
part1_0482,23,F,CHINESE
part1_0483,20,M,CHINESE
part1_0484,22,F,CHINESE
part1_0485,18,M,MALAY
part1_0486,21,F,CHINESE
part1_0487,21,F,INDIAN
part1_0488,19,M,MALAY
part1_0489,50,F,CHINESE
part1_0490,23,M,CHINESE
part1_0491,39,F,CHINESE
part1_0492,31,M,MALAY
part1_0493,21,F,INDIAN
part1_0494,22,F,CHINESE
part1_0495,23,F,CHINESE
part1_0496,18,F,CHINESE
part1_0497,48,F,CHINESE
part1_0498,23,F,CHINESE
part1_0499,24,F,CHINESE
part1_0501,30,M,CHINESE
part1_0502,25,F,MALAY
part1_0503,24,F,MALAY
part1_0504,28,F,CHINESE
part1_0505,46,F,INDIAN
part1_0506,50,M,INDIAN
part1_0507,54,F,CHINESE
part1_0508,21,F,CHINESE
part1_0509,31,F,CHINESE
part1_0510,54,F,CHINESE
part1_0511,49,F,MALAY
part1_0512,24,M,CHINESE
part1_0513,21,M,INDIAN
part1_0514,58,F,MALAY
part1_0515,22,F,CHINESE
part1_0516,33,M,CHINESE
part1_0517,18,F,INDIAN
part1_0518,32,F,CHINESE
part1_0519,20,F,INDIAN
part1_0520,20,F,INDIAN
part1_0521,20,F,INDIAN
part1_0522,24,F,CHINESE
part1_0523,49,M,CHINESE
part1_0524,33,F,INDIAN
part1_0525,22,M,MALAY
part1_0526,22,M,CHINESE
part1_0527,22,F,CHINESE
part1_0528,45,F,CHINESE
part1_0529,49,F,MALAY
part1_0530,48,F,MALAY
part1_0531,47,F,MALAY
part1_0532,22,F,MALAY
part1_0533,20,F,INDIAN
part1_0534,41,F,CHINESE
part1_0535,40,F,CHINESE
part1_0536,24,F,INDIAN
part1_0537,25,M,INDIAN
part1_0538,48,F,MALAY
part1_0539,18,M,MALAY
part1_0540,25,F,CHINESE
part1_0541,20,F,CHINESE
part1_0542,50,M,CHINESE
part1_0543,41,M,MALAY
part1_0545,40,F,INDIAN
part1_0546,20,F,CHINESE
part1_0547,58,M,CHINESE
part1_0548,20,F,CHINESE
part1_0549,54,M,INDIAN
part1_0550,18,F,INDIAN
part1_0551,19,F,INDIAN
part1_0552,19,F,INDIAN
part1_0553,58,F,CHINESE
part1_0554,57,F,CHINESE
part1_0555,60,F,CHINESE
part1_0556,22,F,CHINESE
part1_0557,24,M,CHINESE
part1_0558,39,M,MALAY
part1_0559,60,F,CHINESE
part1_0560,23,F,CHINESE
part1_0561,32,F,CHINESE
part1_0562,19,F,CHINESE
part1_0563,19,F,CHINESE
part1_0565,50,F,CHINESE
part1_0566,31,M,CHINESE
part1_0567,35,F,MALAY
part1_0568,36,F,CHINESE
part1_0569,25,M,INDIAN
part1_0570,57,M,INDIAN
part1_0571,31,F,CHINESE
part1_0572,18,F,CHINESE
part1_0573,32,F,INDIAN
part1_0574,31,F,CHINESE
part1_0575,19,F,INDIAN
part1_0576,18,M,MALAY
part1_0577,27,M,INDIAN
part1_0578,23,F,INDIAN
part1_0579,31,M,CHINESE
part1_0580,30,M,INDIAN
part1_0581,19,M,MALAY
part1_0582,31,M,INDIAN
part1_0583,52,F,CHINESE
part1_0584,58,M,CHINESE
part1_0585,44,F,CHINESE
part1_0586,60,F,CHINESE
part1_0587,60,F,CHINESE
part1_0588,57,M,MALAY
part1_0589,48,F,MALAY
part1_0590,22,M,MALAY
part1_0591,23,F,INDIAN
part1_0592,38,M,MALAY
part1_0593,22,F,CHINESE
part1_0594,22,F,CHINESE
part1_0595,21,F,CHINESE
part1_0597,47,M,CHINESE
part1_0598,40,F,CHINESE
part1_0599,22,F,CHINESE
part1_0600,23,M,INDIAN
part1_0602,29,M,CHINESE
part1_0603,39,M,CHINESE
part1_0604,33,F,CHINESE
part1_0605,40,M,CHINESE
part1_0607,21,M,CHINESE
part1_0608,51,F,INDIAN
part1_0609,40,F,INDIAN
part1_0610,23,F,INDIAN
part1_0611,32,M,CHINESE
part1_0612,24,M,CHINESE
part1_0613,25,M,MALAY
part1_0614,21,F,CHINESE
part1_0615,23,M,CHINESE
part1_0616,21,F,CHINESE
part1_0617,21,M,CHINESE
part1_0618,22,M,INDIAN
part1_0619,21,M,INDIAN
part1_0620,22,M,CHINESE
part1_0622,35,M,CHINESE
part1_0623,50,F,CHINESE
part1_0624,20,M,CHINESE
part1_0625,18,F,CHINESE
part1_0626,21,M,INDIAN
part1_0627,20,F,CHINESE
part1_0628,20,F,CHINESE
part1_0629,20,M,CHINESE
part1_0630,22,F,CHINESE
part1_0631,21,F,CHINESE
part1_0632,43,F,CHINESE
part1_0633,60,F,CHINESE
part1_0634,24,F,CHINESE
part1_0635,23,F,INDIAN
part1_0637,24,M,CHINESE
part1_0638,36,M,MALAY
part1_0639,23,F,CHINESE
part1_0640,23,M,CHINESE
part1_0642,23,F,CHINESE
part1_0643,21,F,INDIAN
part1_0644,60,M,CHINESE
part1_0645,19,F,CHINESE
part1_0646,20,M,MALAY
part1_0647,22,F,CHINESE
part1_0648,32,M,CHINESE
part1_0649,32,F,CHINESE
part1_0650,51,F,CHINESE
part1_0651,50,M,CHINESE
part1_0652,60,F,MALAY
part1_0653,46,F,MALAY
part1_0654,41,F,MALAY
part1_0655,32,F,CHINESE
part1_0656,18,F,CHINESE
part1_0657,22,M,CHINESE
part1_0658,23,M,CHINESE
part1_0659,35,M,CHINESE
part1_0660,48,M,INDIAN
part1_0661,32,M,MALAY
part1_0662,22,F,CHINESE
part1_0663,20,M,CHINESE
part1_0664,33,F,INDIAN
part1_0665,32,M,MALAY
part1_0666,19,M,MALAY
part1_0667,22,F,MALAY
part1_0668,19,F,MALAY
part1_0669,33,F,MALAY
part1_0670,31,M,CHINESE
part1_0671,35,F,CHINESE
part1_0672,20,F,CHINESE
part1_0673,18,M,MALAY
part1_0674,20,M,MALAY
part1_0675,19,M,MALAY
part1_0676,46,F,INDIAN
part1_0678,18,M,INDIAN
part1_0680,24,F,CHINESE
part1_0681,23,F,CHINESE
part1_0682,31,F,MALAY
part1_0683,31,F,MALAY
part1_0684,39,F,CHINESE
part1_0685,42,F,CHINESE
part1_0686,22,F,CHINESE
part1_0687,19,M,INDIAN
part1_0688,19,F,CHINESE
part1_0689,18,F,MALAY
part1_0690,48,F,MALAY
part1_0691,22,M,CHINESE
part1_0692,37,F,CHINESE
part1_0693,35,M,CHINESE
part1_0694,36,F,CHINESE
part1_0695,53,F,CHINESE
part1_0696,18,M,INDIAN
part1_0697,24,M,CHINESE
part1_0698,24,M,CHINESE
part1_0699,31,M,INDIAN
part1_0700,22,M,CHINESE
part1_0701,49,F,CHINESE
part1_0702,32,F,MALAY
part1_0703,25,F,MALAY
part1_0705,24,M,CHINESE
part1_0706,39,F,CHINESE
part1_0707,22,F,CHINESE
part1_0708,21,M,CHINESE
part1_0709,23,F,CHINESE
part1_0710,31,F,CHINESE
part1_0711,31,M,CHINESE
part1_0712,60,F,CHINESE
part1_0713,30,M,MALAY
part1_0714,41,F,CHINESE
part1_0715,22,M,INDIAN
part1_0716,31,F,CHINESE
part1_0717,31,M,INDIAN
part1_0719,21,F,CHINESE
part1_0720,32,F,INDIAN
part1_0721,22,M,CHINESE
part1_0722,31,F,INDIAN
part1_0723,20,M,INDIAN
part1_0724,23,M,CHINESE
part1_0725,20,F,CHINESE
part1_0727,18,F,INDIAN
part1_0728,46,F,INDIAN
part1_0729,31,M,INDIAN
part1_0730,20,F,INDIAN
part1_0731,20,F,INDIAN
part1_0732,23,M,CHINESE
part1_0733,24,M,CHINESE
part1_0734,23,M,CHINESE
part1_0735,31,F,CHINESE
part1_0736,31,M,CHINESE
part1_0737,20,M,MALAY
part1_0738,58,M,CHINESE
part1_0739,23,F,CHINESE
part1_0740,37,M,MALAY
part1_0741,32,F,CHINESE
part1_0742,20,F,INDIAN
part1_0743,22,F,MALAY
part1_0745,29,M,INDIAN
part1_0746,31,M,INDIAN
part1_0747,18,M,INDIAN
part1_0748,24,F,INDIAN
part1_0749,46,M,INDIAN
part1_0750,31,M,INDIAN
part1_0751,18,M,CHINESE
part1_0752,23,F,CHINESE
part1_0753,20,M,CHINESE
part1_0754,21,F,CHINESE
part1_0755,22,F,CHINESE
part1_0756,23,M,CHINESE
part1_0757,19,F,CHINESE
part1_0758,41,M,CHINESE
part1_0759,25,M,CHINESE
part1_0760,22,F,CHINESE
part1_0761,21,M,CHINESE
part1_0762,32,M,CHINESE
part1_0763,22,M,CHINESE
part1_0764,22,M,CHINESE
part1_0765,20,F,CHINESE
part1_0766,57,M,CHINESE
part1_0767,22,F,CHINESE
part1_0768,32,F,CHINESE
part1_0769,31,F,CHINESE
part1_0770,56,F,CHINESE
part1_0771,32,F,CHINESE
part1_0772,20,F,CHINESE
part1_0773,22,F,CHINESE
part1_0774,20,F,CHINESE
part1_0775,31,M,CHINESE
part1_0776,21,F,CHINESE
part1_0777,20,F,CHINESE
part1_0778,21,F,CHINESE
part1_0779,26,F,CHINESE
part1_0780,23,M,CHINESE
part1_0781,18,M,CHINESE
part1_0782,25,M,CHINESE
part1_0783,26,F,CHINESE
part1_0784,20,F,CHINESE
part1_0785,56,F,CHINESE
part1_0786,20,F,CHINESE
part1_0787,21,F,CHINESE
part1_0788,42,F,CHINESE
part1_0789,26,M,CHINESE
part1_0790,26,M,CHINESE
part1_0791,25,M,CHINESE
part1_0792,26,M,CHINESE
part1_0793,20,F,CHINESE
part1_0794,25,M,CHINESE
part1_0795,23,F,CHINESE
part1_0796,23,F,CHINESE
part1_0797,22,M,CHINESE
part1_0798,32,M,CHINESE
part1_0799,23,M,CHINESE
part1_0800,20,M,CHINESE
part1_0801,23,M,CHINESE
part1_0802,24,F,CHINESE
part1_0803,23,M,CHINESE
part1_0804,44,F,CHINESE
part1_0805,19,F,CHINESE
part1_0806,21,M,CHINESE
part1_0807,23,M,CHINESE
part1_0808,36,M,INDIAN
part1_0809,31,F,CHINESE
part1_0810,33,M,CHINESE
part1_0811,24,F,CHINESE
part1_0812,20,F,CHINESE
part1_0813,18,M,MALAY
part1_0814,24,M,CHINESE
part1_0815,32,F,CHINESE
part1_0816,20,M,CHINESE
part1_0817,21,F,CHINESE
part1_0818,27,F,CHINESE
part1_0819,21,F,CHINESE
part1_0820,18,F,INDIAN
part1_0821,31,M,INDIAN
part1_0822,53,F,MALAY
part1_0823,19,F,INDIAN
part1_0824,32,F,INDIAN
part1_0826,46,F,CHINESE
part1_0827,43,M,CHINESE
part1_0828,18,F,INDIAN
part1_0829,46,M,MALAY
part1_0830,43,F,CHINESE
part1_0831,23,F,CHINESE
part1_0832,34,M,CHINESE
part1_0833,20,M,CHINESE
part1_0834,22,M,CHINESE
part1_0835,53,F,CHINESE
part1_0837,23,M,CHINESE
part1_0838,40,F,CHINESE
part1_0839,39,M,INDIAN
part1_0840,22,F,CHINESE
part1_0841,21,F,CHINESE
part1_0842,23,M,CHINESE
part1_0843,32,M,CHINESE
part1_0844,32,M,CHINESE
part1_0845,39,M,CHINESE
part1_0846,21,F,CHINESE
part1_0847,20,F,CHINESE
part1_0848,23,M,CHINESE
part1_0850,22,F,INDIAN
part1_0851,20,F,CHINESE
part1_0853,19,F,CHINESE
part1_0854,20,F,CHINESE
part1_0855,22,F,CHINESE
part1_0856,36,F,CHINESE
part1_0857,21,F,CHINESE
part1_0858,20,F,CHINESE
part1_0859,19,F,CHINESE
part1_0860,31,F,CHINESE
part1_0861,21,F,CHINESE
part1_0862,20,M,CHINESE
part1_0863,52,F,CHINESE
part1_0864,22,M,MALAY
part1_0865,24,M,CHINESE
part1_0866,25,M,CHINESE
part1_0867,20,F,CHINESE
part1_0868,22,F,CHINESE
part1_0869,22,M,CHINESE
part1_0870,20,F,CHINESE
part1_0871,22,F,INDIAN
part1_0872,20,F,CHINESE
part1_0873,31,M,CHINESE
part1_0874,23,F,CHINESE
part1_0875,21,F,CHINESE
part1_0876,31,M,CHINESE
part1_0877,31,M,CHINESE
part1_0878,27,M,CHINESE
part1_0880,18,F,CHINESE
part1_0881,31,M,CHINESE
part1_0882,22,F,CHINESE
part1_0883,20,F,CHINESE
part1_0884,23,M,CHINESE
part1_0885,19,F,CHINESE
part1_0886,20,F,CHINESE
part1_0887,31,M,CHINESE
part1_0888,23,M,CHINESE
part1_0889,19,F,INDIAN
part1_0890,20,F,CHINESE
part1_0891,20,M,CHINESE
part1_0892,20,F,CHINESE
part1_0893,31,M,CHINESE
part1_0894,59,F,CHINESE
part1_0895,20,M,CHINESE
part1_0896,20,F,CHINESE
part1_0897,50,F,CHINESE
part1_0898,31,F,MALAY
part1_0899,32,F,INDIAN
part1_0900,20,F,CHINESE
part1_0901,52,F,CHINESE
part1_0902,21,F,CHINESE
part1_0903,21,F,MALAY
part1_0904,31,M,MALAY
part1_0905,31,F,MALAY
part1_0906,53,F,MALAY
part1_0907,22,M,CHINESE
part1_0908,33,M,MALAY
part1_0909,31,M,MALAY
part1_0910,23,M,CHINESE
part1_0911,31,F,MALAY
part1_0912,36,M,MALAY
part1_0913,31,F,MALAY
part1_0914,46,F,MALAY
part1_0915,36,F,MALAY
part1_0916,31,M,INDIAN
part1_0917,31,F,MALAY
part1_0918,54,F,CHINESE
part1_0919,31,F,INDIAN
part1_0920,52,F,CHINESE
part1_0921,40,M,MALAY
part1_0922,40,M,MALAY
part1_0923,54,F,CHINESE
part1_0924,31,M,MALAY
part1_0925,53,F,INDIAN
part1_0926,31,F,MALAY
part1_0927,31,M,MALAY
part1_0928,31,F,INDIAN
part1_0929,53,F,MALAY
part1_0930,23,F,INDIAN
part1_0931,34,F,MALAY
part1_0932,34,M,MALAY
part1_0933,35,F,INDIAN
part1_0934,51,M,MALAY
part1_0935,32,F,MALAY
part1_0936,31,M,INDIAN
part1_0937,33,F,CHINESE
part1_0938,31,F,INDIAN
part1_0940,42,M,MALAY
part1_0941,48,F,INDIAN
part1_0942,31,M,MALAY
part1_0943,51,M,MALAY
part1_0944,37,F,MALAY
part1_0945,32,M,MALAY
part1_0946,44,M,INDIAN
part1_0947,54,F,INDIAN
part1_0948,31,F,CHINESE
part1_0949,31,M,MALAY
part1_0950,46,F,MALAY
part1_0951,31,F,INDIAN
part1_0952,38,M,MALAY
part1_0953,38,F,INDIAN
part1_0954,68,M,CHINESE
part1_0955,52,F,MALAY
part1_0956,35,F,INDIAN
part1_0957,58,M,MALAY
part1_0958,49,M,MALAY
part1_0959,49,F,MALAY
part1_0960,36,F,INDIAN
part1_0961,43,M,INDIAN
part1_0962,34,M,INDIAN
part1_0963,60,M,CHINESE
part1_0964,22,F,MALAY
part1_0965,36,M,MALAY
part1_0966,37,M,MALAY
part1_0967,31,F,MALAY
part1_0968,37,F,MALAY
part1_0969,31,M,MALAY
part1_0970,50,M,MALAY
part1_0971,41,F,MALAY
part1_0972,31,F,INDIAN
part1_0973,37,F,INDIAN
part1_0974,37,F,MALAY
part1_0975,31,M,MALAY
part1_0976,40,M,MALAY
part1_0977,48,F,MALAY
part1_0978,33,M,INDIAN
part1_0979,54,F,INDIAN
part1_0980,56,M,CHINESE
part1_0981,46,M,CHINESE
part1_0982,52,M,CHINESE
part1_0985,38,M,INDIAN
part1_0986,46,F,CHINESE
part1_0987,36,F,INDIAN
part1_0988,58,M,CHINESE
part1_0989,22,M,MALAY
part1_0990,23,M,MALAY
part1_0991,46,M,MALAY
part1_0992,31,M,INDIAN
part1_0993,34,M,INDIAN
part1_0994,36,F,MALAY
part1_0995,65,M,CHINESE
part1_0996,39,M,MALAY
part1_0997,51,M,CHINESE
part1_0998,56,M,CHINESE
part1_0999,31,F,MALAY
part1_1000,31,F,INDIAN
part1_1001,37,F,INDIAN
part1_1002,22,M,CHINESE
part1_1003,31,M,MALAY
part1_1004,55,M,CHINESE
part1_1005,35,M,INDIAN
part1_1006,57,M,CHINESE
part1_1007,31,M,CHINESE
part1_1008,36,M,INDIAN
part1_1009,23,M,INDIAN
part1_1010,46,F,INDIAN
part1_1011,40,M,CHINESE
part1_1012,22,M,CHINESE
part1_1013,49,M,CHINESE
part1_1014,21,M,INDIAN
part1_1015,22,M,CHINESE
part1_1016,34,F,MALAY
part1_1017,39,M,INDIAN
part1_1018,21,M,CHINESE
part1_1019,48,F,CHINESE
part1_1020,23,M,INDIAN
part1_1021,33,M,INDIAN
part1_1022,31,F,INDIAN
part1_1023,22,F,INDIAN
part1_1024,19,M,CHINESE
part1_1025,31,M,INDIAN
part1_1026,60,F,INDIAN
part1_1027,31,M,INDIAN
part1_1028,31,F,INDIAN
part1_1029,22,M,INDIAN
part1_1030,24,M,INDIAN
part1_1031,31,M,INDIAN
part1_1032,46,M,INDIAN
part1_1033,49,M,INDIAN
part1_1034,40,M,CHINESE
part1_1035,23,F,INDIAN
part1_1036,62,M,MALAY
part1_1037,31,F,INDIAN
part1_1038,31,F,INDIAN
part1_1039,21,M,INDIAN
part1_1040,18,M,CHINESE
part1_1041,46,M,CHINESE
part1_1042,57,M,INDIAN
part1_1043,32,M,INDIAN
part1_1044,47,M,CHINESE
part1_1045,31,F,INDIAN
part1_1048,18,M,MALAY
part1_1050,35,M,MALAY
part1_1051,35,M,MALAY
part1_1052,31,M,MALAY
part1_1053,31,M,MALAY
part1_1054,21,M,INDIAN
part1_1056,32,M,INDIAN
part1_1057,31,M,MALAY
part1_1058,32,M,INDIAN
part1_1060,46,M,MALAY
part1_1061,31,M,INDIAN
part1_1062,47,M,MALAY
part1_1063,46,M,INDIAN
part1_1064,46,M,INDIAN
part1_1065,32,M,INDIAN
part1_1066,46,M,INDIAN
part1_1067,46,F,INDIAN
part1_1068,32,M,INDIAN
part1_1069,31,M,INDIAN
part1_1070,18,M,INDIAN
part1_1071,18,M,MALAY
part1_1073,46,F,INDIAN
part1_1077,46,F,MALAY
part1_1078,18,M,INDIAN
part1_1079,21,F,INDIAN
part1_1080,31,F,INDIAN
part1_1081,23,F,INDIAN
part1_1300,26,M,CHINESE
part1_1446,31,F,INDIAN
part2_7692862,31,F,CHINESE
part2_7682861,32,F,CHINESE
part2_7642857,22,M,CHINESE
part2_7742828,20,F,CHINESE
part2_7652858,20,F,CHINESE
part2_8713162,22,F,INDIAN
part2_8752954,21,F,CHINESE
part2_8802957,18,F,CHINESE
part2_8592939,19,F,CHINESE
part2_8672945,20,F,CHINESE
part2_8722968,20,F,CHINESE
part2_8762964,31,M,CHINESE
part2_8812959,31,M,CHINESE
part2_8772965,31,M,CHINESE
part2_8682947,22,F,CHINESE
part2_8602941,31,F,CHINESE
part2_8822960,22,F,CHINESE
part2_8732969,31,M,CHINESE
part2_8942974,59,F,CHINESE
part2_8742971,23,F,CHINESE
part2_8612942,21,F,CHINESE
part2_8832961,20,F,CHINESE
part2_8882966,23,M,CHINESE
part2_8842948,23,M,CHINESE
part2_8912972,20,M,CHINESE
part2_8952962,20,M,CHINESE
part2_8622980,20,M,CHINESE
part2_8892967,19,F,INDIAN
part2_8852975,19,F,CHINESE
part2_8902987,20,F,CHINESE
part2_8922973,20,F,CHINESE
part2_8962976,20,F,CHINESE
part2_8862963,20,F,CHINESE
part2_9002981,20,F,CHINESE
part2_8932985,31,M,CHINESE
part2_8872992,31,M,CHINESE
part2_9062988,53,F,MALAY
part2_9012982,52,F,CHINESE
part2_8972977,50,F,CHINESE
part2_9072989,22,M,CHINESE
part2_9082990,33,M,MALAY
part2_8982979,31,F,MALAY
part2_9022984,21,F,CHINESE
part2_9102993,23,M,CHINESE
part2_8993009,32,F,INDIAN
part2_9033004,21,F,MALAY
part2_9042986,31,M,MALAY
part2_9243010,31,M,MALAY
part2_9862996,46,F,CHINESE
part2_9203005,52,F,CHINESE
part2_9302991,23,F,INDIAN
part2_9253011,53,F,INDIAN
part2_9213006,40,M,MALAY
part2_9263012,31,F,MALAY
part2_9273013,31,M,MALAY
part2_9222998,40,M,MALAY
part2_9123001,36,M,MALAY
part2_9323015,34,M,MALAY
part2_9052997,31,F,MALAY
part2_9112995,31,F,MALAY
part2_9313014,34,F,MALAY
part2_9132999,31,F,MALAY
part2_9173002,31,F,MALAY
part2_9403023,42,M,MALAY
part2_9333016,35,F,INDIAN
part2_9343017,51,M,MALAY
part2_8262877,46,F,CHINESE
part2_8272878,43,M,CHINESE
part2_8282879,18,F,INDIAN
part2_9353018,32,F,MALAY
part2_9143000,46,F,MALAY
part2_9413025,48,F,INDIAN
part2_9423020,31,M,MALAY
part2_9233008,54,F,CHINESE
part2_9183003,54,F,CHINESE
part2_9473019,54,F,INDIAN
part2_9363021,31,M,INDIAN
part2_9433026,51,M,MALAY
part2_9193041,31,F,INDIAN
part2_9513042,31,F,INDIAN
part2_9483033,31,F,CHINESE
part2_9153028,36,F,MALAY
part2_9493034,31,M,MALAY
part2_9443027,37,F,MALAY
part2_9523043,38,M,MALAY
part2_9453045,32,M,MALAY
part2_9503035,46,F,MALAY
part2_9533044,38,F,INDIAN
part2_9163029,31,M,INDIAN
part2_9373022,33,F,CHINESE
part2_9463030,44,M,INDIAN
part2_9543081,68,M,CHINESE
part2_9673031,31,F,MALAY
part2_9713052,41,F,MALAY
part2_9383051,31,F,INDIAN
part2_9613062,43,M,INDIAN
part2_9283056,31,F,INDIAN
part2_9293057,53,F,MALAY
part2_9553046,52,F,MALAY
part2_9763048,40,M,MALAY
part2_9563047,35,F,INDIAN
part2_9723053,31,F,INDIAN
part2_9623063,34,M,INDIAN
part2_9693032,31,M,MALAY
part2_9633065,60,M,CHINESE
part2_9773049,48,F,MALAY
part2_9573060,58,M,MALAY
part2_9733055,37,F,INDIAN
part2_9783070,33,M,INDIAN
part2_9743076,37,F,MALAY
part2_10273068,31,M,INDIAN
part2_9583061,49,M,MALAY
part2_9853071,38,M,INDIAN
part2_9593083,49,F,MALAY
part2_9703069,50,M,MALAY
part2_9753077,31,M,MALAY
part2_9643067,22,F,MALAY
part2_9603082,36,F,INDIAN
part2_9983093,56,M,CHINESE
part2_9873072,36,F,INDIAN
part2_9793078,54,F,INDIAN
part2_9663088,37,M,MALAY
part2_9943084,36,F,MALAY
part2_9993094,31,F,MALAY
part2_9963086,39,M,MALAY
part2_9913080,46,M,MALAY
part2_9893074,22,M,MALAY
part2_9903079,23,M,MALAY
part2_10043089,55,M,CHINESE
part2_9953085,65,M,CHINESE
part2_9883073,58,M,CHINESE
part2_10103099,46,F,INDIAN
part2_9973087,51,M,CHINESE
part2_10153075,22,M,CHINESE
part2_10063090,57,M,CHINESE
part2_10003095,31,F,INDIAN
part2_10163104,34,F,MALAY
part2_9923091,31,M,INDIAN
part2_10113100,40,M,CHINESE
part2_10173105,39,M,INDIAN
part2_9933109,34,M,INDIAN
part2_10013096,37,F,INDIAN
part2_10073092,31,M,CHINESE
part2_10123101,22,M,CHINESE
part2_10183106,21,M,CHINESE
part2_10083114,36,M,INDIAN
part2_10033097,31,M,MALAY
part2_10133103,49,M,CHINESE
part2_10193107,48,F,CHINESE
part2_10213110,33,M,INDIAN
part2_10143124,21,M,INDIAN
part2_10203108,23,M,INDIAN
part2_10223111,31,F,INDIAN
part2_10093115,23,M,INDIAN
part2_10253098,31,M,INDIAN
part2_10353130,23,F,INDIAN
part2_10393116,21,M,INDIAN
part2_10303125,24,M,INDIAN
part2_10233112,22,F,INDIAN
part2_10263136,60,F,INDIAN
part2_10403117,18,M,CHINESE
part2_10243113,19,M,CHINESE
part2_10313126,31,M,INDIAN
part2_10413118,46,M,CHINESE
part2_10373155,31,F,INDIAN
part2_10323127,46,M,INDIAN
part2_10443144,47,M,CHINESE
part2_10383131,31,F,INDIAN
part2_10333128,49,M,INDIAN
part2_10423141,57,M,INDIAN
part2_2783129,52,F,INDIAN
part2_2773132,31,M,INDIAN
part2_2813145,57,M,CHINESE
part2_10283137,31,F,INDIAN
part2_2553138,47,F,INDIAN
part2_2823146,31,M,INDIAN
part2_2793150,61,F,INDIAN
part2_4093142,56,M,INDIAN
part2_10433143,32,M,INDIAN
part2_9803139,56,M,CHINESE
part2_2833147,63,M,INDIAN
part2_2713134,68,M,INDIAN
part2_2803151,66,F,INDIAN
part2_4643153,35,M,CHINESE
part2_10293140,22,M,INDIAN
part2_4683154,22,M,INDIAN
part2_10453148,31,F,INDIAN
part2_9813157,46,M,CHINESE
part2_9823158,52,M,CHINESE
part2_2753135,20,F,INDIAN
part2_10343152,40,M,CHINESE
part2_4862831,21,F,CHINESE
part2_8213156,31,M,INDIAN
part2_14463163,31,F,INDIAN
part2_2872603,31,M,MALAY
part2_2882605,31,M,MALAY
part2_2922607,30,M,MALAY
part2_2982614,46,M,MALAY
part2_2992615,39,M,MALAY
part2_3022616,31,M,MALAY
part2_8243191,32,F,INDIAN
part2_2972613,35,F,INDIAN
part2_2932612,46,M,CHINESE
part2_3082622,46,F,CHINESE
part2_3172621,39,F,CHINESE
part2_3292623,44,F,CHINESE
part2_3302630,43,M,CHINESE
part2_3372636,40,M,CHINESE
part2_3492643,39,F,CHINESE
part2_3792649,46,M,CHINESE
part2_1022218,59,F,CHINESE
part2_1402022,22,M,CHINESE
part2_1662040,24,F,CHINESE
part2_1812035,19,M,CHINESE
part2_1832179,36,M,CHINESE
part2_2092034,50,F,CHINESE
part2_1582095,20,F,CHINESE
part2_1672094,21,F,CHINESE
part2_1692228,35,M,MALAY
part2_1592029,32,M,CHINESE
part2_1602230,20,F,CHINESE
part2_1842102,60,M,CHINESE
part2_1952202,23,F,CHINESE
part2_1962257,53,F,CHINESE
part2_1872046,60,F,CHINESE
part2_1882184,20,F,CHINESE
part2_1972092,35,F,CHINESE
part2_1982048,60,M,CHINESE
part2_1992183,20,F,CHINESE
part2_2012109,52,M,MALAY
part2_2162251,48,F,INDIAN
part2_2192047,60,M,CHINESE
part2_2042075,18,M,INDIAN
part2_1712041,30,F,CHINESE
part2_1462357,34,M,CHINESE
part2_1472042,34,M,CHINESE
part2_1552133,41,M,MALAY
part2_1412060,20,M,CHINESE
part2_1492072,20,F,CHINESE
part2_1532189,22,M,MALAY
part2_1702036,18,F,CHINESE
part2_1622300,19,F,CHINESE
part2_2352130,40,F,MALAY
part2_2222058,24,M,CHINESE
part2_1642044,49,M,MALAY
part2_2202057,28,M,INDIAN
part2_2072056,21,F,INDIAN
part2_2032055,30,M,INDIAN
part2_5072081,54,F,CHINESE
part2_5092204,31,F,CHINESE
part2_5102076,54,F,CHINESE
part2_5202137,20,F,INDIAN
part2_5192135,20,F,INDIAN
part2_5722146,18,F,CHINESE
part2_5922142,38,M,MALAY
part2_5572140,24,M,CHINESE
part2_5992151,22,F,CHINESE
part2_5972200,47,M,CHINESE
part2_5982152,40,F,CHINESE
part2_6192208,21,M,INDIAN
part2_6252254,18,F,CHINESE
part2_6442253,60,M,CHINESE
part2_6452252,19,F,CHINESE
part2_6472239,22,F,CHINESE
part2_6482241,32,M,CHINESE
part2_6492240,32,F,CHINESE
part2_6562319,18,F,CHINESE
part2_6572315,22,M,CHINESE
part2_6672246,22,F,MALAY
part2_6682247,19,F,MALAY
part2_6632249,20,M,CHINESE
part2_6692248,33,F,MALAY
part2_6652244,32,M,MALAY
part2_6612243,32,M,MALAY
part2_6662245,19,M,MALAY
part2_6592295,35,M,CHINESE
part2_6712356,35,F,CHINESE
part2_6742360,20,M,MALAY
part2_6812258,23,F,CHINESE
part2_6782255,18,M,INDIAN
part2_6902282,48,F,MALAY
part2_6892260,18,F,MALAY
part2_6912349,22,M,CHINESE
part2_6952285,53,F,CHINESE
part2_6972353,24,M,CHINESE
part2_6982352,24,M,CHINESE
part2_7072332,22,F,CHINESE
part2_7082309,21,M,CHINESE
part2_6922289,37,F,CHINESE
part2_7152318,22,M,INDIAN
part2_7172339,31,M,INDIAN
part2_7122329,60,F,CHINESE
part2_7102330,31,F,CHINESE
part2_7142301,41,F,CHINESE
part2_7252294,20,F,CHINESE
part2_7392302,23,F,CHINESE
part2_7382299,58,M,CHINESE
part2_6582316,23,M,CHINESE
part2_7272334,18,F,INDIAN
part2_7322326,23,M,CHINESE
part2_7332327,24,M,CHINESE
part2_7342328,23,M,CHINESE
part2_7412340,32,F,CHINESE
part2_7372361,20,M,MALAY
part2_7362358,31,M,CHINESE
part2_7352359,31,F,CHINESE
part2_7492400,46,M,INDIAN
part2_1632407,32,M,INDIAN
part2_1912419,20,M,MALAY
part2_2432424,18,M,MALAY
part2_2382425,18,M,MALAY
part2_2142422,31,M,INDIAN
part2_2502427,32,M,INDIAN
part2_6732428,18,M,MALAY
part2_10522435,31,M,MALAY
part2_10502442,35,M,MALAY
part2_10512441,35,M,MALAY
part2_10562468,32,M,INDIAN
part2_10572469,31,M,MALAY
part2_10602476,46,M,MALAY
part2_10642485,46,M,INDIAN
part2_10672487,46,F,INDIAN
part2_10682512,32,M,INDIAN
part2_10692513,31,M,INDIAN
part2_1562065,23,F,INDIAN
part2_6432210,21,F,INDIAN
part2_10582467,32,M,INDIAN
part2_10662484,46,M,INDIAN
part2_3752716,24,M,CHINESE
part2_3782723,21,F,CHINESE
part2_3262675,32,M,MALAY
part2_3232674,31,M,MALAY
part2_3712712,25,M,CHINESE
part2_3762720,34,M,CHINESE
part2_3802684,21,F,INDIAN
part2_3702711,24,M,MALAY
part2_3772699,21,F,CHINESE
part2_3822707,55,M,CHINESE
part2_4052722,25,F,CHINESE
part2_4042721,19,F,CHINESE
part2_3832732,20,F,CHINESE
part2_3812685,20,M,CHINESE
part2_3882738,20,F,CHINESE
part2_3272676,22,M,CHINESE
part2_3842733,21,F,CHINESE
part2_3892739,20,F,CHINESE
part2_3982724,20,F,CHINESE
part2_4062754,44,F,INDIAN
part2_3952744,41,F,CHINESE
part2_3852734,32,F,MALAY
part2_4002725,21,M,CHINESE
part2_3912740,22,M,CHINESE
part2_3872736,39,M,CHINESE
part2_4022749,23,F,CHINESE
part2_4202776,23,M,CHINESE
part2_4032750,23,F,CHINESE
part2_4152767,21,F,CHINESE
part2_4212772,21,F,CHINESE
part2_4142766,23,F,CHINESE
part2_3962745,23,F,CHINESE
part2_3942746,21,F,CHINESE
part2_3862735,25,M,CHINESE
part2_3932742,32,M,INDIAN
part2_3922741,24,M,CHINESE
part2_4382782,22,F,CHINESE
part2_4222773,21,F,CHINESE
part2_4232774,53,F,CHINESE
part2_4432726,31,F,CHINESE
part2_4172768,32,M,MALAY
part2_4162770,18,F,MALAY
part2_4262743,31,F,CHINESE
part2_4492788,31,F,CHINESE
part2_4282780,24,M,CHINESE
part2_4402784,24,M,INDIAN
part2_4242775,41,F,CHINESE
part2_4442727,44,F,MALAY
part2_4462728,22,F,INDIAN
part2_4502789,50,F,CHINESE
part2_4392783,51,F,CHINESE
part2_4192792,22,F,INDIAN
part2_4182769,48,F,MALAY
part2_4512790,33,F,CHINESE
part2_4252798,24,M,CHINESE
part2_4732799,25,M,INDIAN
part2_4302779,56,F,CHINESE
part2_4292778,24,M,CHINESE
part2_4612785,21,F,INDIAN
part2_4452729,23,F,MALAY
part2_4522791,52,M,CHINESE
part2_4552793,22,F,INDIAN
part2_4622786,24,F,MALAY
part2_4852829,18,M,MALAY
part2_4792781,43,M,MALAY
part2_4572795,22,M,MALAY
part2_4752800,20,F,MALAY
part2_4912835,39,F,CHINESE
part2_4762801,43,F,CHINESE
part2_4772802,21,F,MALAY
part2_4592796,19,F,MALAY
part2_4952839,23,F,CHINESE
part2_4872832,21,F,INDIAN
part2_4602797,32,F,CHINESE
part2_4922836,31,M,MALAY
part2_4932837,21,F,INDIAN
part2_4782803,21,F,CHINESE
part2_7562755,23,M,CHINESE
part2_4892834,50,F,CHINESE
part2_4812823,52,F,CHINESE
part2_4962840,18,F,CHINESE
part2_4882833,19,M,MALAY
part2_7512845,18,M,CHINESE
part2_4972841,48,F,CHINESE
part2_7582854,41,M,CHINESE
part2_4822824,23,F,CHINESE
part2_7522847,23,F,CHINESE
part2_7572838,19,F,CHINESE
part2_4982842,23,F,CHINESE
part2_4832825,20,M,CHINESE
part2_4902853,23,M,CHINESE
part2_4842826,22,F,CHINESE
part2_7602850,22,F,CHINESE
part2_4992859,24,F,CHINESE
part2_7622855,32,M,CHINESE
part2_7552849,22,F,CHINESE
part2_7542848,21,F,CHINESE
part2_7732827,22,F,CHINESE
part2_7612851,21,M,CHINESE
part2_7632856,22,M,CHINESE
part2_7672860,22,F,CHINESE
part2_4942869,22,F,CHINESE
part2_7772866,20,F,CHINESE
part2_7862806,20,F,CHINESE
part2_7792870,26,F,CHINESE
part2_7902811,26,M,CHINESE
part2_7712864,32,F,CHINESE
part2_7662810,57,M,CHINESE
part2_7762865,21,F,CHINESE
part2_7702863,56,F,CHINESE
part2_7722883,20,F,CHINESE
part2_7912812,25,M,CHINESE
part2_7802871,23,M,CHINESE
part2_7782867,21,F,CHINESE
part2_7872807,21,F,CHINESE
part2_7952885,23,F,CHINESE
part2_7892809,26,M,CHINESE
part2_7832894,26,F,CHINESE
part2_8312890,23,F,CHINESE
part2_7882808,42,F,CHINESE
part2_7822872,25,M,CHINESE
part2_7942884,25,M,CHINESE
part2_8302868,43,F,CHINESE
part2_8092901,31,F,CHINESE
part2_8322891,34,M,CHINESE
part2_8032895,23,M,CHINESE
part2_7962886,23,F,CHINESE
part2_8042896,44,F,CHINESE
part2_7972887,22,M,CHINESE
part2_8372913,23,M,CHINESE
part2_8162893,20,M,CHINESE
part2_8112905,24,F,CHINESE
part2_8152892,32,F,CHINESE
part2_8102904,33,M,CHINESE
part2_8062898,21,M,CHINESE
part2_8072899,23,M,CHINESE
part2_8382914,40,F,CHINESE
part2_8172909,21,F,CHINESE
part2_8392915,39,M,INDIAN
part2_8082924,36,M,INDIAN
part2_8132906,18,M,MALAY
part2_8022918,24,F,CHINESE
part2_8472925,20,F,CHINESE
part2_8442908,32,M,CHINESE
part2_8482926,23,M,CHINESE
part2_8432920,32,M,CHINESE
part2_2732620,26,M,CHINESE
part2_2743500,23,F,CHINESE
part2_4082758,27,M,CHINESE
part2_4102759,19,M,CHINESE
part2_4112757,22,M,CHINESE
part2_4632761,30,F,CHINESE
part2_4122760,22,M,CHINESE
part2_4652813,21,M,CHINESE
part2_4672815,46,F,MALAY
part2_4662814,19,F,MALAY
part2_4692817,22,M,CHINESE
part2_4702818,21,M,INDIAN
part2_8202821,18,F,INDIAN
part2_2512601,60,M,CHINESE
part2_2522602,19,F,CHINESE
part2_2542604,21,F,CHINESE
part2_2562606,28,F,CHINESE
part2_2582608,19,F,CHINESE
part2_2612611,19,F,CHINESE
part2_2622624,21,F,CHINESE
part2_2632625,22,F,CHINESE
part2_2642626,20,F,CHINESE
part2_2652627,20,M,CHINESE
part2_2662628,20,F,CHINESE
part2_2672629,22,M,CHINESE
part2_2692631,20,F,CHINESE
part2_2702632,20,F,CHINESE
part2_2722619,19,F,CHINESE
part2_2842634,18,F,CHINESE
part2_2852695,30,M,CHINESE
part2_2902637,35,F,CHINESE
part2_2912641,25,M,MALAY
part2_3072656,23,F,CHINESE
part2_3092658,41,F,MALAY
part2_3102659,23,F,CHINESE
part2_3112660,26,M,CHINESE
part2_3122665,56,F,CHINESE
part2_3162666,50,F,CHINESE
part2_3182667,24,M,MALAY
part2_3212669,59,M,CHINESE
part2_3342681,22,F,CHINESE
part2_3382688,42,F,CHINESE
part2_3412687,24,F,CHINESE
part2_3422691,23,M,CHINESE
part2_3452694,21,F,CHINESE
part2_3462655,44,M,CHINESE
part2_3472692,44,M,CHINESE
part2_3522639,35,M,CHINESE
part2_3552696,25,M,CHINESE
part2_3562701,30,M,CHINESE
part2_2942644,49,M,INDIAN
part2_3322679,22,F,INDIAN
part2_3052654,22,F,MALAY
part2_3192668,22,F,MALAY
part2_2592609,19,F,CHINESE
part2_2602610,21,F,CHINESE
part2_12001,24,F,MALAY
part2_22002,25,F,INDIAN
part2_32003,25,M,MALAY
part2_42004,23,F,CHINESE
part2_52005,41,F,CHINESE
part2_62061,31,M,CHINESE
part2_82008,25,M,CHINESE
part2_92009,24,M,CHINESE
part2_72007,36,M,CHINESE
part2_122012,23,M,CHINESE
part2_162018,22,M,CHINESE
part2_142111,22,M,CHINESE
part2_132013,38,M,MALAY
part2_192006,40,M,CHINESE
part2_182062,42,M,CHINESE
part2_552011,56,F,CHINESE
part2_232019,59,F,CHINESE
part2_982015,35,M,CHINESE
part2_112261,20,F,CHINESE
part2_592116,23,M,CHINESE
part2_602016,60,F,CHINESE
part2_802113,35,F,CHINESE
part2_1042023,22,M,CHINESE
part2_1282064,30,M,CHINESE
part2_562242,23,M,CHINESE
part2_582165,19,F,CHINESE
part2_402123,35,F,CHINESE
part2_412112,26,F,CHINESE
part2_742020,22,M,CHINESE
part2_752217,28,M,MALAY
part2_772162,48,F,CHINESE
part2_1242263,60,F,CHINESE
part2_262017,57,F,CHINESE
part2_1302021,21,F,CHINESE
part2_1312063,37,M,CHINESE
part2_282273,44,M,CHINESE
part2_292311,22,F,CHINESE
part2_842220,53,F,CHINESE
part2_1322269,49,F,CHINESE
part2_1002166,22,F,CHINESE
part2_1262216,22,M,CHINESE
part2_482025,18,M,CHINESE
part2_492066,36,M,CHINESE
part2_632122,54,F,CHINESE
part2_642118,34,F,CHINESE
part2_302119,50,M,CHINESE
part2_1362031,24,F,CHINESE
part2_652281,23,F,CHINESE
part2_1102024,22,F,INDIAN
part2_1382270,20,F,CHINESE
part2_1122124,22,F,CHINESE
part2_912069,22,F,CHINESE
part2_1392028,23,F,CHINESE
part2_672121,38,F,CHINESE
part2_312169,43,F,CHINESE
part2_322083,47,F,CHINESE
part2_522084,49,M,CHINESE
part2_1132082,26,F,CHINESE
part2_1372167,43,F,MALAY
part2_1142027,39,F,CHINESE
part2_332267,23,F,CHINESE
part2_1152120,24,F,CHINESE
part2_922067,34,F,CHINESE
part2_682049,21,F,CHINESE
part2_692106,42,F,INDIAN
part2_952070,42,F,CHINESE
part2_702117,51,M,INDIAN
part2_1572030,23,F,CHINESE
part2_1082174,37,F,CHINESE
part2_2002071,39,F,CHINESE
part2_1922038,22,M,MALAY
part2_1932226,51,F,CHINESE
part2_382043,21,F,CHINESE
part2_2212178,30,F,MALAY
part2_5172073,18,F,INDIAN
part2_2442033,37,M,CHINESE
part2_2372191,34,F,INDIAN
part2_2482126,23,F,CHINESE
part2_2492074,51,M,INDIAN
part2_1722100,42,F,CHINESE
part2_1652050,23,M,INDIAN
part2_1742097,25,F,CHINESE
part2_5182125,32,F,CHINESE
part2_5122101,24,M,CHINESE
part2_5232099,49,M,CHINESE
part2_5282129,45,F,CHINESE
part2_2022079,28,F,CHINESE
part2_5042077,28,F,CHINESE
part2_5212136,20,F,INDIAN
part2_5262080,22,M,CHINESE
part2_5302088,48,F,MALAY
part2_5312086,47,F,MALAY
part2_5322091,22,F,MALAY
part2_5332090,20,F,INDIAN
part2_5342085,41,F,CHINESE
part2_5362093,24,F,INDIAN
part2_5372110,25,M,INDIAN
part2_5292087,49,F,MALAY
part2_5382098,48,F,MALAY
part2_5412103,20,F,CHINESE
part2_5422150,50,M,CHINESE
part2_5502147,18,F,INDIAN
part2_5542139,57,F,CHINESE
part2_5512148,19,F,INDIAN
part2_5522149,19,F,INDIAN
part2_5602203,23,F,CHINESE
part2_5582145,39,M,MALAY
part2_5592138,60,F,CHINESE
part2_5452108,40,F,INDIAN
part2_5432107,41,M,MALAY
part2_5612134,32,F,CHINESE
part2_5652144,50,F,CHINESE
part2_5622128,19,F,CHINESE
part2_5672156,35,F,MALAY
part2_5702157,57,M,INDIAN
part2_5692153,25,M,INDIAN
part2_5682141,36,F,CHINESE
part2_5632127,19,F,CHINESE
part2_5892198,48,F,MALAY
part2_5912143,23,F,INDIAN
part2_6002154,23,M,INDIAN
part2_6032284,39,M,CHINESE
part2_6042185,33,F,CHINESE
part2_6092186,40,F,INDIAN
part2_6142193,21,F,CHINESE
part2_6152194,23,M,CHINESE
part2_6072159,21,M,CHINESE
part2_6162187,21,F,CHINESE
part2_6052196,40,M,CHINESE
part2_6172188,21,M,CHINESE
part2_6182207,22,M,INDIAN
part2_6122192,24,M,CHINESE
part2_6222199,35,M,CHINESE
part2_6292291,20,M,CHINESE
part2_6342205,24,F,CHINESE
part2_6382206,36,M,MALAY
part2_6352250,23,F,INDIAN
part2_6372238,24,M,CHINESE
part2_1192222,25,F,CHINESE
part2_2332052,22,F,CHINESE
part2_4322650,46,F,INDIAN
part2_6962429,18,M,INDIAN
part3_862025,2X,M,MALAY
part3_862177,2X,M,MALAY
part3_862070,2X,M,MALAY
part3_862370,2X,F,MALAY
part3_862135,2X,F,MALAY
part3_862275,2X,M,MALAY
part3_862026,1X,F,CHINESE
part3_862178,1X,F,CHINESE
part3_862071,2X,M,CHINESE
part3_862371,2X,M,CHINESE
part3_862136,2X,F,CHINESE
part3_862276,2X,F,CHINESE
part3_862027,1X,M,CHINESE
part3_862180,1X,M,CHINESE
part3_862137,2X,F,CHINESE
part3_862277,3X,M,CHINESE
part3_862181,4X,M,CHINESE
part3_862223,4X,F,CHINESE
part3_862138,3X,M,MALAY
part3_862278,3X,M,MALAY
part3_862225,2X,F,MALAY
part3_862330,2X,F,MALAY
part3_862279,2X,M,MALAY
part3_862372,2X,M,INDIAN
part3_862139,4X,F,CHINESE
part3_862182,4X,F,CHINESE
part3_862073,2X,M,CHINESE
part3_862226,2X,F,CHINESE
part3_862029,2X,M,CHINESE
part3_862183,4X,F,CHINESE
part3_862141,2X,F,CHINESE
part3_862030,2X,F,CHINESE
part3_862227,1X,F,CHINESE
part3_862331,1X,F,CHINESE
part3_862185,2X,M,CHINESE
part3_862031,1X,M,MALAY
part3_862075,1X,F,MALAY
part3_862228,1X,F,CHINESE
part3_862332,1X,F,CHINESE
part3_862076,3X,M,CHINESE
part3_862280,3X,M,CHINESE
part3_862032,5X,F,CHINESE
part3_862186,4X,F,CHINESE
part3_862142,1X,F,CHINESE
part3_862229,2X,M,CHINESE
part3_862033,2X,F,CHINESE
part3_862187,1X,F,CHINESE
part3_862281,5X,F,CHINESE
part3_862333,5X,F,CHINESE
part3_862078,3X,M,CHINESE
part3_862376,2X,F,CHINESE
part3_862144,2X,M,CHINESE
part3_862034,5X,M,INDIAN
part3_862188,6X,M,INDIAN
part3_862145,2X,M,MALAY
part3_862282,2X,M,MALAY
part3_862189,2X,M,MALAY
part3_862232,3X,M,CHINESE
part3_862036,1X,F,CHINESE
part3_862378,2X,M,CHINESE
part3_862146,2X,F,CHINESE
part3_862283,1X,F,CHINESE
part3_862190,2X,M,MALAY
part3_862379,1X,M,MALAY
part3_862147,2X,M,MALAY
part3_862233,2X,M,MALAY
part3_862038,1X,F,MALAY
part3_862080,2X,F,MALAY
part3_862082,1X,M,MALAY
part3_862083,2X,M,CHINESE
part3_862334,2X,M,INDIAN
part3_862234,1X,F,INDIAN
part3_862039,5X,M,CHINESE
part3_862084,4X,F,MALAY
part3_862335,2X,F,INDIAN
part3_862285,3X,F,MALAY
part3_862426,3X,M,CHINESE
part3_862040,2X,F,INDIAN
part3_862192,2X,F,CHINESE
part3_862336,1X,F,MALAY
part3_862427,4X,F,CHINESE
part3_862041,2X,F,CHINESE
part3_862193,2X,F,CHINESE
part3_862286,2X,F,CHINESE
part3_862428,3X,M,CHINESE
part3_862085,2X,M,CHINESE
part3_862337,2X,F,CHINESE
part3_862042,2X,M,MALAY
part3_862194,5X,F,CHINESE
part3_862287,3X,M,CHINESE
part3_862429,3X,F,CHINESE
part3_862043,5X,F,CHINESE
part3_862195,1X,M,CHINESE
part3_862044,3X,M,INDIAN
part3_862196,3X,M,INDIAN
part3_862086,4X,F,MALAY
part3_862380,4X,F,MALAY
part3_862480,2X,M,CHINESE
part3_862288,1X,M,INDIAN
part3_862430,1X,M,INDIAN
part3_862046,1X,F,CHINESE
part3_862338,1X,F,CHINESE
part3_862236,1X,M,MALAY
part3_862481,1X,M,CHINESE
part3_862289,1X,M,CHINESE
part3_862431,1X,M,INDIAN
part3_862047,5X,F,CHINESE
part3_862339,6X,M,CHINESE
part3_862237,3X,M,CHINESE
part3_862482,4X,M,CHINESE
part3_862089,1X,M,INDIAN
part3_862383,1X,M,INDIAN
part3_862238,1X,F,INDIAN
part3_862483,1X,F,INDIAN
part3_862290,2X,M,CHINESE
part3_862432,2X,M,CHINESE
part3_862090,1X,M,MALAY
part3_862384,1X,F,INDIAN
part3_862239,1X,M,INDIAN
part3_862484,1X,F,INDIAN
part3_862291,1X,M,INDIAN
part3_862433,1X,M,INDIAN
part3_862049,2X,M,INDIAN
part3_862341,2X,M,INDIAN
part3_862091,5X,F,CHINESE
part3_862241,5X,M,CHINESE
part3_862243,1X,M,INDIAN
part3_862486,1X,M,INDIAN
part3_862293,3X,M,CHINESE
part3_862435,2X,F,CHINESE
part3_862092,2X,M,INDIAN
part3_862532,2X,M,INDIAN
part3_862342,2X,F,CHINESE
part3_862386,2X,M,CHINESE
part3_862244,1X,M,INDIAN
part3_862487,1X,M,INDIAN
part3_862294,2X,M,CHINESE
part3_862436,2X,M,INDIAN
part3_862093,4X,M,CHINESE
part3_862343,5X,F,CHINESE
part3_862387,5X,F,CHINESE
part3_862245,4X,F,INDIAN
part3_862488,4X,F,MALAY
part3_862437,1X,M,INDIAN
part3_862585,1X,M,INDIAN
part3_862489,2X,F,MALAY
part3_862534,3X,F,MALAY
part3_862438,2X,M,CHINESE
part3_862388,2X,F,CHINESE
part3_862691,2X,F,CHINESE
part3_862094,2X,F,CHINESE
part3_862639,2X,M,CHINESE
part3_862490,2X,M,INDIAN
part3_862535,2X,F,INDIAN
part3_862439,2X,F,INDIAN
part3_862587,2X,F,INDIAN
part3_862389,3X,F,CHINESE
part3_862692,3X,M,CHINESE
part3_862095,2X,F,CHINESE
part3_862640,2X,F,CHINESE
part3_862491,1X,F,INDIAN
part3_862536,1X,F,CHINESE
part3_862440,6X,F,CHINESE
part3_862588,6X,F,CHINESE
part3_862096,2X,F,CHINESE
part3_862390,2X,F,CHINESE
part3_862492,2X,F,CHINESE
part3_862641,2X,F,CHINESE
part3_862441,5X,F,CHINESE
part3_862589,6X,M,CHINESE
part3_862097,3X,F,MALAY
part3_862391,4X,F,MALAY
part3_862442,4X,M,CHINESE
part3_862590,4X,F,CHINESE
part3_862744,4X,F,CHINESE
part3_862797,4X,F,CHINESE
part3_862494,1X,M,INDIAN
part3_862643,1X,M,INDIAN
part3_862443,2X,F,CHINESE
part3_862591,2X,F,CHINESE
part3_862538,1X,M,INDIAN
part3_862694,1X,M,INDIAN
part3_862745,2X,M,CHINESE
part3_862798,2X,F,CHINESE
part3_862495,2X,F,CHINESE
part3_862644,2X,M,INDIAN
part3_862539,6X,M,CHINESE
part3_862695,5X,F,CHINESE
part3_862445,1X,F,INDIAN
part3_862646,1X,M,CHINESE
part3_862497,3X,M,CHINESE
part3_862696,3X,M,CHINESE
part3_862747,2X,F,CHINESE
part3_862540,2X,F,INDIAN
part3_862593,3X,M,CHINESE
part3_862446,6X,F,CHINESE
part3_862647,6X,F,CHINESE
part3_862541,4X,F,CHINESE
part3_862594,4X,F,CHINESE
part3_862447,3X,F,INDIAN
part3_862648,2X,F,MALAY
part3_862542,5X,F,CHINESE
part3_862595,5X,F,CHINESE
part3_862501,6X,F,CHINESE
part3_862543,2X,F,CHINESE
part3_862596,2X,M,CHINESE
part3_862749,6X,F,CHINESE
part3_862802,4X,F,CHINESE
part3_862450,4X,F,CHINESE
part3_862701,4X,F,CHINESE
part3_862503,6X,F,CHINESE
part3_862652,6X,M,CHINESE
part3_862451,6X,M,CHINESE
part3_862597,6X,M,CHINESE
part3_862544,2X,M,CHINESE
part3_862702,2X,M,CHINESE
part3_862750,2X,M,CHINESE
part3_862803,2X,F,CHINESE
part3_862452,3X,F,MALAY
part3_862598,4X,M,CHINESE
part3_862545,1X,F,INDIAN
part3_862703,1X,M,INDIAN
part3_862751,1X,F,CHINESE
part3_862804,1X,F,CHINESE
part3_862505,5X,F,CHINESE
part3_862654,6X,F,INDIAN
part3_862506,5X,F,CHINESE
part3_862546,6X,M,CHINESE
part3_862599,4X,M,CHINESE
part3_862655,3X,F,CHINESE
part3_862453,5X,F,CHINESE
part3_862704,1X,M,CHINESE
part3_862754,5X,F,CHINESE
part3_862805,2X,M,CHINESE
part3_862507,3X,F,CHINESE
part3_862547,3X,M,CHINESE
part3_862454,2X,F,CHINESE
part3_862705,2X,M,CHINESE
part3_862755,4X,F,CHINESE
part3_862806,3X,M,CHINESE
part3_862600,2X,M,CHINESE
part3_862657,6X,F,CHINESE
part3_862508,1X,F,CHINESE
part3_862548,2X,M,CHINESE
part3_862455,4X,M,CHINESE
part3_862706,3X,F,CHINESE
part3_862456,3X,F,CHINESE
part3_862707,3X,F,CHINESE
part3_862509,2X,F,CHINESE
part3_862549,2X,F,CHINESE
part3_862601,2X,F,CHINESE
part3_862658,2X,M,CHINESE
part3_862708,2X,F,MALAY
part3_862807,2X,F,MALAY
part3_862457,2X,M,CHINESE
part3_862659,2X,M,CHINESE
part3_862709,3X,F,CHINESE
part3_862757,3X,M,CHINESE
part3_862602,3X,F,CHINESE
part3_862808,3X,M,CHINESE
part3_862512,2X,M,CHINESE
part3_862552,2X,M,INDIAN
part3_862458,2X,M,CHINESE
part3_862660,2X,M,CHINESE
part3_862513,4X,F,MALAY
part3_862553,6X,M,INDIAN
part3_862758,2X,F,CHINESE
part3_862809,2X,M,CHINESE
part3_862603,1X,M,INDIAN
part3_862514,3X,F,CHINESE
part3_862554,3X,F,CHINESE
part3_862759,3X,F,CHINESE
part3_862810,5X,F,CHINESE
part3_862460,2X,F,CHINESE
part3_862604,2X,F,CHINESE
part3_862661,2X,F,CHINESE
part3_862710,2X,F,CHINESE
part3_862515,4X,F,CHINESE
part3_862555,4X,F,CHINESE
part3_862760,3X,M,CHINESE
part3_862811,4X,M,CHINESE
part3_862461,6X,F,CHINESE
part3_862605,6X,M,CHINESE
part3_862662,2X,M,INDIAN
part3_862711,2X,F,MALAY
part3_862462,2X,M,MALAY
part3_862663,2X,M,CHINESE
part3_862516,3X,M,MALAY
part3_862556,3X,F,MALAY
part3_862606,4X,M,CHINESE
part3_862712,5X,M,CHINESE
part3_862463,1X,M,MALAY
part3_862664,1X,M,MALAY
part3_862761,3X,F,CHINESE
part3_862812,3X,M,CHINESE
part3_862464,2X,M,CHINESE
part3_862665,2X,F,CHINESE
part3_862557,5X,F,INDIAN
part3_862465,2X,F,CHINESE
part3_862666,2X,F,CHINESE
part3_862517,2X,F,MALAY
part3_862813,1X,F,MALAY
part3_862558,3X,F,CHINESE
part3_862714,4X,F,CHINESE
part3_862559,4X,F,CHINESE
part3_862762,3X,F,CHINESE
part3_862715,6X,M,CHINESE
part3_862814,6X,M,CHINESE
part3_862518,2X,M,CHINESE
part3_862667,2X,M,CHINESE
part3_862560,3X,M,MALAY
part3_862763,3X,M,CHINESE
part3_862466,6X,F,CHINESE
part3_862608,6X,F,CHINESE
part3_862561,5X,F,CHINESE
part3_862764,6X,F,CHINESE
part3_862519,1X,F,MALAY
part3_862668,2X,M,INDIAN
part3_862467,5X,F,CHINESE
part3_862669,4X,F,CHINESE
part3_862468,4X,F,INDIAN
part3_860519,4X,M,MALAY
part3_862562,3X,M,MALAY
part3_862765,3X,F,INDIAN
part3_862815,3X,M,INDIAN
part3_862609,3X,F,CHINESE
part3_862716,3X,F,CHINESE
part3_862469,3X,F,CHINESE
part3_862671,3X,M,CHINESE
part3_862520,3X,F,CHINESE
part3_862563,3X,F,CHINESE
part3_862470,3X,F,CHINESE
part3_862672,3X,F,CHINESE
part3_862610,3X,F,MALAY
part3_862717,5X,F,MALAY
part3_862521,3X,F,CHINESE
part3_862564,3X,F,CHINESE
part3_862767,3X,F,MALAY
part3_862817,4X,F,MALAY
part3_862768,3X,M,CHINESE
part3_862818,3X,M,CHINESE
part3_862522,3X,F,CHINESE
part3_862565,3X,M,CHINESE
part3_862611,2X,F,CHINESE
part3_862718,3X,F,CHINESE
part3_862769,3X,M,MALAY
part3_862819,3X,M,MALAY
part3_862674,3X,M,CHINESE
part3_862612,3X,M,INDIAN
part3_862719,3X,F,INDIAN
part3_862770,2X,M,INDIAN
part3_862820,3X,M,CHINESE
part3_862524,4X,F,INDIAN
part3_862567,6X,F,INDIAN
part3_862473,3X,F,CHINESE
part3_862675,3X,M,CHINESE
part3_862613,5X,F,CHINESE
part3_862720,4X,F,INDIAN
part3_862771,3X,F,CHINESE
part3_862821,4X,F,CHINESE
part3_862676,4X,M,CHINESE
part3_862772,6X,F,CHINESE
part3_862614,3X,F,CHINESE
part3_862822,3X,F,INDIAN
part3_862677,4X,F,MALAY
part3_862773,4X,F,MALAY
part3_862525,3X,F,CHINESE
part3_862568,3X,F,CHINESE
part3_862678,4X,F,MALAY
part3_862774,3X,M,MALAY
part3_862526,3X,F,MALAY
part3_862569,4X,F,INDIAN
part3_862616,3X,F,CHINESE
part3_862824,3X,F,MALAY
part3_862474,3X,F,CHINESE
part3_862721,3X,F,CHINESE
part3_862679,4X,F,INDIAN
part3_862775,4X,M,INDIAN
part3_862617,3X,F,CHINESE
part3_862825,3X,M,CHINESE
part3_862618,4X,F,CHINESE
part3_862826,4X,F,INDIAN
part3_862680,4X,M,MALAY
part3_862776,3X,F,MALAY
part3_862527,3X,M,MALAY
part3_862570,3X,M,INDIAN
part3_862619,3X,F,MALAY
part3_862827,2X,M,MALAY
part3_862681,3X,F,CHINESE
part3_862777,3X,F,INDIAN
part3_862528,3X,M,CHINESE
part3_862620,3X,M,CHINESE
part3_862529,4X,F,CHINESE
part3_862683,4X,F,CHINESE
part3_862475,3X,F,CHINESE
part3_862621,3X,M,CHINESE
part3_862779,1X,F,INDIAN
part3_862828,3X,M,INDIAN
part3_862571,3X,M,MALAY
part3_862722,4X,M,MALAY
part3_862530,4X,F,MALAY
part3_862684,4X,F,MALAY
part3_862780,4X,M,MALAY
part3_862829,4X,M,MALAY
part3_862531,5X,F,CHINESE
part3_862685,5X,F,CHINESE
part3_862850,3X,F,MALAY
part3_862622,3X,M,INDIAN
part3_862851,3X,M,INDIAN
part3_862687,3X,M,CHINESE
part3_862781,3X,F,MALAY
part3_862623,5X,F,MALAY
part3_862852,5X,F,MALAY
part3_862688,3X,F,MALAY
part3_862782,4X,M,MALAY
part3_862476,4X,M,CHINESE
part3_862723,4X,M,CHINESE
part3_862572,4X,F,INDIAN
part3_862830,4X,F,INDIAN
part3_862625,3X,F,CHINESE
part3_862853,3X,M,CHINESE
part3_862689,3X,F,INDIAN
part3_862783,4X,M,INDIAN
part3_862626,4X,M,INDIAN
part3_862854,4X,F,INDIAN
part3_862690,5X,F,MALAY
part3_862784,3X,F,MALAY
part3_862789,1X,M,MALAY
part3_862907,2X,M,MALAY
part3_862790,4X,M,MALAY
part3_862908,4X,M,MALAY
part3_862630,4X,M,MALAY
part3_862857,5X,M,MALAY
part3_862791,4X,M,INDIAN
part3_862909,4X,M,INDIAN
part3_862858,1X,F,MALAY
part3_862859,1X,M,MALAY
part3_862862,3X,M,CHINESE
part3_862863,3X,F,CHINESE
part3_862868,3X,M,MALAY
part3_862869,3X,M,MALAY
part3_862870,2X,F,CHINESE
part3_862871,2X,F,CHINESE
part3_862872,4X,F,MALAY
part3_862873,1X,F,MALAY
part3_862874,2X,F,CHINESE
part3_862875,2X,F,CHINESE
part3_862880,2X,F,CHINESE
part3_862881,1X,F,CHINESE
part3_862882,2X,F,MALAY
part3_862883,2X,M,MALAY
part3_862493,3X,F,CHINESE
part3_862642,3X,F,CHINESE
part3_862537,3X,M,CHINESE
part3_862693,5X,M,CHINESE
part3_862098,4X,F,CHINESE
part4_1010,27,F,CHINESE
part4_1011,26,M,MALAY
part4_1014,23,M,CHINESE
part4_1015,23,M,CHINESE
part4_1016,23,F,CHINESE
part4_1017,23,M,CHINESE
part4_1018,21,M,CHINESE
part4_1019,20,F,CHINESE
part4_1020,21,M,CHINESE
part4_1021,22,M,CHINESE
part4_1022,19,M,CHINESE
part4_1023,19,M,CHINESE
part4_1024,19,F,CHINESE
part4_1025,22,M,CHINESE
part4_1026,18,F,CHINESE
part4_1027,18,F,CHINESE
part4_1028,22,M,CHINESE
part4_1029,23,M,CHINESE
part4_1030,22,M,CHINESE
part4_1031,23,F,CHINESE
part4_1032,19,F,CHINESE
part4_1033,21,M,CHINESE
part4_1034,23,F,CHINESE
part4_1035,26,M,CHINESE
part4_1036,28,M,CHINESE
part4_1037,28,M,CHINESE
part4_1038,19,F,CHINESE
part4_1039,22,F,CHINESE
part4_1040,25,F,CHINESE
part4_1041,22,F,CHINESE
part4_1042,20,F,CHINESE
part4_1043,20,F,CHINESE
part4_1044,29,F,CHINESE
part4_1045,29,F,CHINESE
part4_1046,24,M,CHINESE
part4_1047,22,F,CHINESE
part4_1048,30,M,CHINESE
part4_1049,26,F,CHINESE
part4_1050,32,M,CHINESE
part4_1051,32,M,CHINESE
part4_1052,21,M,CHINESE
part4_1053,21,M,CHINESE
part4_1054,21,M,CHINESE
part4_1055,21,M,CHINESE
part4_1056,21,F,CHINESE
part4_1057,23,M,CHINESE
part4_1058,20,M,CHINESE
part4_1059,21,M,CHINESE
part4_1060,19,F,CHINESE
part4_1061,20,M,CHINESE
part4_1062,23,F,CHINESE
part4_1063,23,F,CHINESE
part4_1064,18,M,CHINESE
part4_1065,19,F,CHINESE
part4_1066,36,M,CHINESE
part4_1067,39,M,CHINESE
part4_1068,27,M,CHINESE
part4_1069,23,F,CHINESE
part4_1070,25,M,CHINESE
part4_1071,24,M,CHINESE
part4_1072,23,M,CHINESE
part4_1073,21,F,CHINESE
part4_1074,20,F,CHINESE
part4_1075,20,F,CHINESE
part4_1076,23,M,CHINESE
part4_1077,23,M,CHINESE
part4_1078,23,F,CHINESE
part4_1079,21,F,CHINESE
part4_1080,25,F,CHINESE
part4_1081,25,F,CHINESE
part4_1082,22,M,CHINESE
part4_1083,20,F,CHINESE
part4_1084,22,M,CHINESE
part4_1085,23,F,CHINESE
part4_1086,19,F,CHINESE
part4_1087,19,F,CHINESE
part4_1088,46,M,CHINESE
part4_1089,30,F,CHINESE
part4_1090,19,F,CHINESE
part4_1091,24,F,CHINESE
part4_1092,30,M,CHINESE
part4_1093,31,F,CHINESE
part4_1094,21,F,CHINESE
part4_1095,21,F,CHINESE
part4_1096,21,F,CHINESE
part4_1097,21,F,CHINESE
part4_1098,19,F,CHINESE
part4_1099,47,F,CHINESE
part4_1100,25,F,CHINESE
part4_1101,25,F,CHINESE
part4_1102,21,F,CHINESE
part4_1103,21,F,CHINESE
part4_1104,19,F,CHINESE
part4_1105,21,M,CHINESE
part4_1106,22,F,CHINESE
part4_1107,23,F,CHINESE
part4_1108,19,F,CHINESE
part4_1109,19,M,CHINESE
part4_1112,20,M,CHINESE
part4_1113,21,F,CHINESE
part4_1118,25,F,CHINESE
part4_1119,22,F,CHINESE
part4_1124,22,F,CHINESE
part4_1125,23,F,CHINESE
part4_1130,21,F,MALAY
part4_1131,21,M,MALAY
part4_1134,23,F,INDIAN
part4_1135,23,F,INDIAN
part4_1136,23,F,INDIAN
part4_1137,28,F,INDIAN
part4_1140,20,F,INDIAN
part4_1141,20,F,INDIAN
part4_1148,20,F,CHINESE
part4_1149,58,M,CHINESE
part4_1150,21,M,CHINESE
part4_1151,19,F,CHINESE
part4_1152,25,M,CHINESE
part4_1153,23,M,CHINESE
part4_1154,24,F,CHINESE
part4_1155,28,M,CHINESE
part4_1160,22,M,CHINESE
part4_1161,20,F,CHINESE
part4_1162,19,M,CHINESE
part4_1163,19,M,CHINESE
part4_1164,50,F,CHINESE
part4_1165,20,M,CHINESE
part4_1174,19,F,CHINESE
part4_1175,20,F,CHINESE
part4_1176,21,F,CHINESE
part4_1177,22,F,CHINESE
part4_1180,24,F,CHINESE
part4_1181,26,F,CHINESE
part4_1182,28,F,CHINESE
part4_1183,28,F,CHINESE
part4_1184,20,F,CHINESE
part4_1185,59,F,CHINESE
part4_1186,26,F,CHINESE
part4_1187,19,M,CHINESE
part4_1192,29,M,CHINESE
part4_1193,26,F,CHINESE
part4_1194,40,F,CHINESE
part4_1195,41,F,CHINESE
part4_1196,20,F,MALAY
part4_1197,20,F,MALAY
part4_6001,27,M,MALAY
part4_6002,30,F,MALAY
part4_6003,22,F,INDIAN
part4_6004,22,F,INDIAN
part4_6005,29,M,MALAY
part4_6006,29,F,MALAY
part4_6007,23,F,MALAY
part4_6008,23,F,MALAY
part4_6009,37,M,MALAY
part4_6010,37,F,MALAY
part4_6011,19,F,MALAY
part4_6012,19,F,MALAY
part4_6013,31,M,MALAY
part4_6014,31,M,MALAY
part4_6015,55,F,INDIAN
part4_6016,55,F,INDIAN
part4_1200,20,F,CHINESE
part4_1201,25,M,CHINESE
part4_1202,20,F,CHINESE
part4_1203,20,F,CHINESE
part4_1204,21,F,CHINESE
part4_1205,21,F,CHINESE
part4_1212,19,F,CHINESE
part4_1213,19,F,CHINESE
part4_1214,19,F,CHINESE
part4_1215,18,F,CHINESE
part4_1216,23,M,CHINESE
part4_1217,23,M,CHINESE
part4_1220,63,M,CHINESE
part4_1221,27,F,CHINESE
part4_1222,31,M,CHINESE
part4_1223,21,F,CHINESE
part4_1224,23,F,CHINESE
part4_1225,23,F,CHINESE
part4_1226,22,F,CHINESE
part4_1227,21,F,CHINESE
part4_1228,24,M,CHINESE
part4_1229,23,F,CHINESE
part4_1232,19,F,CHINESE
part4_1233,19,F,CHINESE
part4_1236,22,F,CHINESE
part4_1237,52,F,CHINESE
part4_1238,19,F,CHINESE
part4_1239,20,F,CHINESE
part4_1240,23,F,CHINESE
part4_1241,28,F,CHINESE
part4_1242,30,F,CHINESE
part4_1243,31,M,CHINESE
part4_1244,22,F,CHINESE
part4_1245,24,M,CHINESE
part4_1246,19,F,CHINESE
part4_1247,20,F,CHINESE
part4_1248,23,M,CHINESE
part4_1249,23,M,CHINESE
part4_1250,22,F,CHINESE
part4_1251,21,F,CHINESE
part4_1252,53,F,CHINESE
part4_1253,55,F,CHINESE
part4_1254,21,F,CHINESE
part4_1255,21,F,CHINESE
part4_1256,21,F,CHINESE
part4_1257,19,F,CHINESE
part4_1258,21,F,CHINESE
part4_1259,21,F,CHINESE
part4_1260,22,F,CHINESE
part4_1261,18,F,CHINESE
part4_1262,50,F,INDIAN
part4_1263,22,F,INDIAN
part4_1264,21,F,CHINESE
part4_1265,22,F,CHINESE
part4_1266,21,F,CHINESE
part4_1267,21,F,CHINESE
part4_1268,20,F,CHINESE
part4_1269,20,F,CHINESE
part4_1270,23,F,CHINESE
part4_1271,22,F,CHINESE
part4_1274,24,F,INDIAN
part4_1275,25,F,INDIAN
part4_1276,23,F,CHINESE
part4_1277,23,M,CHINESE
part4_1278,19,F,CHINESE
part4_1279,18,F,CHINESE
part4_1280,24,M,CHINESE
part4_1281,24,M,CHINESE
part4_1282,18,M,CHINESE
part4_1283,19,M,CHINESE
part4_1284,19,F,CHINESE
part4_1285,20,F,CHINESE
part4_1286,19,F,CHINESE
part4_1287,23,F,CHINESE
part4_1288,43,F,INDIAN
part4_1289,18,F,INDIAN
part4_1290,21,F,CHINESE
part4_1291,22,M,CHINESE
part4_1292,29,M,CHINESE
part4_1293,42,F,CHINESE
part4_1294,19,F,CHINESE
part4_1295,19,F,CHINESE
part4_1296,19,F,CHINESE
part4_1297,21,F,CHINESE
part4_1298,24,M,CHINESE
part4_1299,24,M,CHINESE
part4_1300,19,F,CHINESE
part4_1301,20,F,CHINESE
part4_1302,23,M,CHINESE
part4_1303,19,F,CHINESE
part4_1304,36,F,CHINESE
part4_1305,39,M,CHINESE
part4_1306,44,M,CHINESE
part4_1307,36,M,CHINESE
part4_1308,20,F,CHINESE
part4_1309,21,F,CHINESE
part4_1310,21,F,CHINESE
part4_1311,18,F,CHINESE
part4_1312,24,M,CHINESE
part4_1313,23,F,CHINESE
part4_1314,37,F,CHINESE
part4_1315,52,M,CHINESE
part4_1316,19,F,CHINESE
part4_1317,19,F,CHINESE
part4_1318,23,F,CHINESE
part4_1319,25,F,CHINESE
part4_1320,21,F,CHINESE
part4_1321,21,F,CHINESE
part4_1322,21,F,CHINESE
part4_1323,25,F,CHINESE
part4_1324,20,M,CHINESE
part4_1325,19,M,CHINESE
part4_1326,27,M,MALAY
part4_1327,28,F,MALAY
part4_1328,22,F,CHINESE
part4_1329,21,F,CHINESE
part4_1330,29,M,CHINESE
part4_1331,28,M,CHINESE
part4_1334,19,F,MALAY
part4_1335,20,F,MALAY
part4_1336,30,M,CHINESE
part4_1337,27,F,CHINESE
part4_1340,20,F,CHINESE
part4_1341,52,F,CHINESE
part4_1342,32,F,CHINESE
part4_1343,44,M,CHINESE
part4_1344,21,F,CHINESE
part4_1345,20,M,CHINESE
part4_1348,27,F,CHINESE
part4_1349,38,M,CHINESE
part4_1350,22,F,CHINESE
part4_1351,21,F,CHINESE
part4_1352,20,F,CHINESE
part4_1353,21,F,CHINESE
part4_1354,21,M,CHINESE
part4_1355,23,F,CHINESE
part4_1356,22,F,CHINESE
part4_1357,22,M,CHINESE
part4_1358,19,F,CHINESE
part4_1359,45,F,CHINESE
part4_1360,28,F,CHINESE
part4_1361,27,M,CHINESE
part4_6017,23,M,MALAY
part4_6018,23,M,MALAY
part4_6019,25,M,MALAY
part4_6020,25,F,MALAY
part4_6021,21,F,MALAY
part4_6022,21,F,MALAY
part4_6023,24,M,INDIAN
part4_6024,23,M,INDIAN
part4_1364,27,M,CHINESE
part4_1365,20,M,CHINESE
part4_1370,20,F,CHINESE
part4_1371,20,F,CHINESE
part4_1372,19,M,INDIAN
part4_1373,19,M,INDIAN
part4_1374,31,F,CHINESE
part4_1375,59,F,CHINESE
part4_1376,25,F,CHINESE
part4_1377,27,F,CHINESE
part4_1378,24,M,CHINESE
part4_1379,53,F,CHINESE
part4_1380,61,M,CHINESE
part4_1381,56,F,CHINESE
part4_1384,19,M,INDIAN
part4_1385,19,M,INDIAN
part4_1386,27,F,CHINESE
part4_1387,29,F,CHINESE
part4_1390,19,M,CHINESE
part4_1391,19,M,CHINESE
part4_1392,26,M,CHINESE
part4_1393,26,M,CHINESE
part4_1394,20,F,CHINESE
part4_1395,51,F,CHINESE
part4_1396,25,F,CHINESE
part4_1397,24,F,CHINESE
part4_1402,22,F,CHINESE
part4_1403,21,F,CHINESE
part4_1404,25,M,CHINESE
part4_1405,23,F,CHINESE
part4_1406,30,F,CHINESE
part4_1407,44,M,CHINESE
part4_1408,21,F,CHINESE
part4_1409,21,F,CHINESE
part4_1410,32,F,CHINESE
part4_1411,55,F,CHINESE
part4_1412,24,F,CHINESE
part4_1413,23,M,CHINESE
part4_1414,21,F,CHINESE
part4_1415,22,F,CHINESE
part4_1416,25,M,CHINESE
part4_1417,29,F,CHINESE
part4_1418,38,M,CHINESE
part4_1419,33,M,CHINESE
part4_1420,29,M,CHINESE
part4_1421,29,F,CHINESE
part4_1422,22,M,CHINESE
part4_1423,22,M,CHINESE
part4_1424,22,F,INDIAN
part4_1425,22,F,INDIAN
part4_1426,41,F,CHINESE
part4_1427,33,F,CHINESE
part4_1428,20,M,CHINESE
part4_1429,20,M,CHINESE
part4_1432,24,M,CHINESE
part4_1433,24,M,CHINESE
part4_1436,21,F,CHINESE
part4_1437,21,F,CHINESE
part4_1438,24,M,CHINESE
part4_1439,23,M,CHINESE
part4_1442,21,M,MALAY
part4_1443,18,F,MALAY
part4_1444,20,F,CHINESE
part4_1445,20,F,CHINESE
part4_1170,19,F,CHINESE
part4_1171,18,M,CHINESE
part4_1448,35,F,MALAY
part4_1449,62,M,MALAY
part4_1450,35,F,CHINESE
part4_1451,32,F,CHINESE
part4_1452,52,F,CHINESE
part4_1453,44,F,CHINESE
part4_1454,22,F,CHINESE
part4_1455,22,F,CHINESE
part4_1456,23,F,CHINESE
part4_1457,23,F,CHINESE
part4_1458,24,F,CHINESE
part4_1459,19,F,CHINESE
part4_1460,21,F,CHINESE
part4_1461,21,F,CHINESE
part4_1462,22,F,CHINESE
part4_1463,56,F,CHINESE
part4_1464,21,F,CHINESE
part4_1465,21,M,CHINESE
part4_1466,23,F,CHINESE
part4_1467,19,F,CHINESE
part4_1468,20,F,CHINESE
part4_1469,20,F,CHINESE
part4_1470,19,F,CHINESE
part4_1471,19,M,CHINESE
part4_1472,23,M,CHINESE
part4_1473,21,F,CHINESE
part4_1474,24,M,CHINESE
part4_1475,22,F,CHINESE
part4_1476,20,F,CHINESE
part4_1477,19,F,CHINESE
part4_1478,20,F,CHINESE
part4_1479,28,F,CHINESE
part4_1480,45,F,CHINESE
part4_1481,20,F,CHINESE
part4_1482,21,F,CHINESE
part4_1483,51,M,CHINESE
part4_1486,28,F,CHINESE
part4_1487,30,F,CHINESE
part4_1488,19,F,CHINESE
part4_1489,20,F,CHINESE
part4_1490,28,F,CHINESE
part4_1491,61,F,CHINESE
part4_1492,23,M,CHINESE
part4_1493,26,M,CHINESE
part4_1494,25,F,CHINESE
part4_1495,24,M,CHINESE
part4_1496,39,F,CHINESE
part4_1497,44,F,CHINESE
part4_1498,36,M,CHINESE
part4_1499,37,F,CHINESE
part4_1502,20,F,CHINESE
part4_1503,20,F,CHINESE
part4_1508,19,M,INDIAN
part4_1509,19,M,INDIAN
part4_1510,24,F,MALAY
part4_1511,23,M,MALAY
part4_1512,22,M,CHINESE
part4_1513,21,M,CHINESE
part4_1516,29,F,CHINESE
part4_1517,31,M,CHINESE
part4_1520,32,F,CHINESE
part4_1521,32,F,CHINESE
part4_1524,19,F,CHINESE
part4_1525,19,F,CHINESE
part4_1526,20,F,CHINESE
part4_1527,20,F,CHINESE
part4_1528,20,F,CHINESE
part4_1529,24,F,CHINESE
part4_1530,24,M,CHINESE
part4_1531,22,F,CHINESE
part4_1532,47,M,CHINESE
part4_1533,51,F,CHINESE
part4_1538,20,F,CHINESE
part4_1539,45,F,CHINESE
part4_1540,35,M,CHINESE
part4_1541,35,F,CHINESE
part4_1542,27,F,CHINESE
part4_1543,29,M,CHINESE
part4_1544,21,F,CHINESE
part4_1545,21,F,CHINESE
part4_1546,29,M,CHINESE
part4_1547,31,M,CHINESE
part4_1548,25,F,CHINESE
part4_1549,76,M,CHINESE
part4_1552,19,F,CHINESE
part4_1553,19,F,CHINESE
part4_1554,30,M,CHINESE
part4_1555,29,M,CHINESE
part4_1558,29,M,CHINESE
part4_1559,33,M,CHINESE
part4_1560,26,M,CHINESE
part4_1561,23,F,CHINESE
part4_1562,24,F,CHINESE
part4_1563,21,M,CHINESE
part4_1564,28,F,CHINESE
part4_1565,31,F,CHINESE
part4_1566,23,F,CHINESE
part4_1567,20,F,CHINESE
part4_1568,19,M,CHINESE
part4_1569,51,F,CHINESE
part4_1570,20,M,MALAY
part4_1571,19,F,INDIAN
part4_1572,24,F,CHINESE
part4_1573,24,F,CHINESE
part4_1574,21,M,CHINESE
part4_1575,26,F,CHINESE
part4_1576,32,M,CHINESE
part4_1577,33,M,CHINESE
part4_1578,25,M,CHINESE
part4_1579,24,F,CHINESE
part4_1580,21,F,CHINESE
part4_1581,21,F,CHINESE
part4_1582,24,M,CHINESE
part4_1583,24,M,CHINESE
part4_1584,39,F,INDIAN
part4_1585,29,F,MALAY
part4_1586,42,F,CHINESE
part4_1587,38,F,CHINESE
part4_1588,41,M,CHINESE
part4_1589,41,M,CHINESE
part4_1590,21,M,CHINESE
part4_1591,22,M,CHINESE
part4_1592,22,F,CHINESE
part4_1593,24,M,CHINESE
part4_1594,22,F,CHINESE
part4_1595,21,F,CHINESE
part4_1596,23,F,CHINESE
part4_1597,49,F,CHINESE
part4_1602,20,F,CHINESE
part4_1603,20,F,CHINESE
part4_1604,20,F,CHINESE
part4_1605,22,F,CHINESE
part4_1606,50,M,CHINESE
part4_1607,52,M,CHINESE
part4_1608,27,M,CHINESE
part4_1609,28,F,CHINESE
part4_1612,20,F,CHINESE
part4_1613,20,F,CHINESE
part4_1616,40,F,CHINESE
part4_1617,42,F,CHINESE
part4_1618,36,F,CHINESE
part4_1619,65,M,CHINESE
part4_1620,29,M,CHINESE
part4_1621,28,M,CHINESE
part4_1622,24,F,INDIAN
part4_1623,21,F,INDIAN
part4_1624,20,F,CHINESE
part4_1625,20,F,CHINESE
part4_1626,21,F,CHINESE
part4_1627,21,F,CHINESE
part4_1628,25,M,CHINESE
part4_1629,25,M,CHINESE
part4_1630,23,M,INDIAN
part4_1631,23,M,INDIAN
part4_1632,20,F,CHINESE
part4_1633,20,F,CHINESE
part4_1634,19,M,CHINESE
part4_1635,23,F,CHINESE
part4_1638,20,F,CHINESE
part4_1639,23,F,CHINESE
part4_1640,22,F,CHINESE
part4_1641,25,M,CHINESE
part4_1644,24,F,CHINESE
part4_1645,24,F,CHINESE
part4_1646,21,M,CHINESE
part4_1647,21,M,CHINESE
part4_1648,20,F,CHINESE
part4_1649,21,M,CHINESE
part4_1650,20,F,MALAY
part4_1651,20,F,MALAY
part4_1652,21,F,CHINESE
part4_1653,23,F,CHINESE
part4_1656,21,M,CHINESE
part4_1657,20,M,CHINESE
part4_1658,26,F,CHINESE
part4_1659,26,M,CHINESE
part4_1660,27,F,CHINESE
part4_1661,27,F,CHINESE
part4_1662,19,F,CHINESE
part4_1663,19,F,CHINESE
part4_1664,26,F,CHINESE
part4_1665,25,F,CHINESE
part4_1666,20,M,CHINESE
part4_1667,21,F,CHINESE
part4_1668,19,F,CHINESE
part4_1669,18,F,CHINESE
part4_1670,24,M,CHINESE
part4_1671,22,F,CHINESE
part4_1672,22,F,CHINESE
part4_1673,48,F,CHINESE
part4_1674,31,F,CHINESE
part4_1675,32,F,CHINESE
part4_1676,21,M,CHINESE
part4_1677,21,M,CHINESE
part4_1678,24,F,MALAY
part4_1679,24,M,MALAY
part4_1680,25,F,INDIAN
part4_1681,19,F,INDIAN
part4_1682,23,F,CHINESE
part4_1683,24,F,CHINESE
part4_1684,22,M,CHINESE
part4_1685,22,F,CHINESE
part4_1686,25,F,CHINESE
part4_1687,55,F,CHINESE
part4_1688,23,M,CHINESE
part4_1689,23,M,CHINESE
part4_1690,24,M,CHINESE
part4_1691,23,F,CHINESE
part4_1692,21,M,CHINESE
part4_1693,21,M,CHINESE
part4_1694,21,F,CHINESE
part4_1695,21,F,CHINESE
part4_1700,22,F,CHINESE
part4_1701,22,F,CHINESE
part4_1702,19,M,CHINESE
part4_1703,47,F,CHINESE
part4_1704,18,M,CHINESE
part4_1705,18,M,CHINESE
part4_1706,32,F,CHINESE
part4_1707,51,F,CHINESE
part4_1708,18,M,CHINESE
part4_1709,21,M,CHINESE
part4_1712,23,F,CHINESE
part4_1713,23,F,CHINESE
part4_1714,19,M,MALAY
part4_1715,19,M,MALAY
part4_1718,20,F,CHINESE
part4_1719,53,M,CHINESE
part4_1722,22,F,CHINESE
part4_1723,21,F,CHINESE
part4_1724,27,M,CHINESE
part4_1725,23,F,CHINESE
part4_1728,33,F,CHINESE
part4_1729,35,M,CHINESE
part4_1730,47,F,CHINESE
part4_1731,35,F,CHINESE
part4_1734,20,F,CHINESE
part4_1735,31,M,CHINESE
part4_1736,20,F,CHINESE
part4_1737,20,F,CHINESE
part4_1738,30,F,CHINESE
part4_1739,31,F,CHINESE
part4_1740,21,F,CHINESE
part4_1741,21,F,CHINESE
part4_1744,20,F,CHINESE
part4_1745,20,F,CHINESE
part4_1746,47,F,CHINESE
part4_1747,52,F,CHINESE
part4_1750,23,F,CHINESE
part4_1751,23,M,CHINESE
part4_1752,23,F,CHINESE
part4_1753,19,F,CHINESE
part4_1754,18,F,CHINESE
part4_1755,18,F,CHINESE
part4_1756,24,M,CHINESE
part4_1757,25,M,CHINESE
part4_1758,35,M,MALAY
part4_1759,35,M,MALAY
part4_1760,22,F,CHINESE
part4_1761,22,F,CHINESE
part4_1762,25,F,CHINESE
part4_1763,26,F,CHINESE
part4_1764,27,F,CHINESE
part4_1765,31,F,CHINESE
part4_1770,47,F,CHINESE
part4_1771,47,F,CHINESE
part4_1774,47,F,CHINESE
part4_1775,50,F,CHINESE
part4_1780,26,F,MALAY
part4_1781,31,F,MALAY
part4_1782,19,M,CHINESE
part4_1783,19,M,CHINESE
part4_1784,23,M,CHINESE
part4_1785,20,F,CHINESE
part4_1786,31,F,CHINESE
part4_1787,31,M,CHINESE
part4_1788,22,F,CHINESE
part4_1789,22,F,CHINESE
part4_1790,20,F,CHINESE
part4_1791,20,F,CHINESE
part4_1792,20,M,CHINESE
part4_1793,20,M,CHINESE
part4_1794,27,F,CHINESE
part4_1795,23,F,CHINESE
part4_1796,23,M,CHINESE
part4_1797,23,M,CHINESE
part4_1798,31,F,CHINESE
part4_1799,31,M,CHINESE
part4_1802,20,F,CHINESE
part4_1803,21,F,CHINESE
part4_1804,32,F,CHINESE
part4_1805,31,F,CHINESE
part4_1806,35,M,CHINESE
part4_1807,31,F,CHINESE
part4_1808,19,M,CHINESE
part4_1809,19,M,CHINESE
part4_1810,18,F,CHINESE
part4_1811,19,M,CHINESE
part4_1816,27,M,CHINESE
part4_1817,27,M,CHINESE
part4_1818,22,F,CHINESE
part4_1819,31,F,CHINESE
part4_1820,19,F,CHINESE
part4_1821,19,F,CHINESE
part4_1822,21,F,CHINESE
part4_1823,21,F,CHINESE
part4_1824,21,F,CHINESE
part4_1825,23,F,CHINESE
part4_1826,20,F,CHINESE
part4_1827,21,F,CHINESE
part4_1830,27,M,MALAY
part4_1831,31,M,MALAY
part4_1834,22,F,CHINESE
part4_1835,21,F,CHINESE
part4_1838,62,M,CHINESE
part4_1839,32,M,CHINESE
part4_1842,19,M,CHINESE
part4_1843,19,M,CHINESE
part4_1844,31,F,CHINESE
part4_1845,54,F,CHINESE
part4_1848,19,F,CHINESE
part4_1849,19,F,CHINESE
part4_1850,31,F,INDIAN
part4_1851,31,F,INDIAN
part4_1856,22,M,CHINESE
part4_1857,20,F,CHINESE
part4_1858,22,F,CHINESE
part4_1859,22,M,CHINESE
part4_1860,20,F,CHINESE
part4_1861,20,F,CHINESE
part4_1864,20,F,CHINESE
part4_1865,23,F,CHINESE
part4_1866,21,F,CHINESE
part4_1867,21,F,CHINESE
part4_1872,30,F,CHINESE
part4_1873,29,M,CHINESE
part4_1874,20,F,CHINESE
part4_1875,19,F,CHINESE
part4_1878,31,M,CHINESE
part4_1879,29,F,CHINESE
part4_1886,24,M,CHINESE
part4_1887,23,F,CHINESE
part4_1888,22,F,CHINESE
part4_1889,23,F,CHINESE
part4_1890,20,M,CHINESE
part4_1891,21,M,CHINESE
part4_1894,23,F,CHINESE
part4_1895,24,F,CHINESE
part4_1896,25,F,CHINESE
part4_1897,25,F,CHINESE
part4_1898,27,F,CHINESE
part4_1899,25,M,CHINESE
part4_1902,20,F,CHINESE
part4_1903,20,F,CHINESE
part4_1904,20,F,CHINESE
part4_1905,22,F,CHINESE
part4_1906,22,F,CHINESE
part4_1907,24,F,CHINESE
part4_1908,18,F,CHINESE
part4_1909,18,F,CHINESE
part4_1910,32,M,CHINESE
part4_1911,32,M,CHINESE
part4_1914,21,F,CHINESE
part4_1915,21,F,CHINESE
part4_1916,23,F,CHINESE
part4_1917,21,F,CHINESE
part4_1918,27,F,CHINESE
part4_1919,24,F,CHINESE
part4_1922,31,F,CHINESE
part4_1923,31,F,CHINESE
part4_1924,33,F,CHINESE
part4_1925,48,F,CHINESE
part4_1926,18,F,CHINESE
part4_1927,18,F,CHINESE
part4_1928,23,F,CHINESE
part4_1929,21,F,CHINESE
part4_1932,18,M,CHINESE
part4_1933,18,F,CHINESE
part4_1934,31,M,CHINESE
part4_1935,25,F,CHINESE
part4_1938,36,F,CHINESE
part4_1939,47,F,CHINESE
part4_1940,27,F,CHINESE
part4_1941,25,F,CHINESE
part4_1944,24,F,CHINESE
part4_1945,25,F,CHINESE
part4_1946,39,M,CHINESE
part4_1947,54,F,CHINESE
part4_1950,18,F,CHINESE
part4_1951,18,F,CHINESE
part4_1952,26,F,CHINESE
part4_1953,31,M,CHINESE
part4_1956,21,F,CHINESE
part4_1957,21,M,CHINESE
part4_1958,38,M,CHINESE
part4_1959,39,F,CHINESE
part4_1962,25,M,CHINESE
part4_1963,23,F,CHINESE
part4_1964,21,F,CHINESE
part4_1965,20,F,CHINESE
part4_1966,18,M,CHINESE
part4_1967,18,M,CHINESE
part4_1970,22,F,CHINESE
part4_1971,24,M,CHINESE
part4_1972,18,M,CHINESE
part4_1973,18,F,CHINESE
part4_1974,25,M,CHINESE
part4_1975,22,F,CHINESE
part4_1976,21,F,CHINESE
part4_1977,21,F,CHINESE
part4_1978,25,F,CHINESE
part4_1979,26,F,CHINESE
part4_1980,23,M,CHINESE
part4_1981,53,M,CHINESE
part4_1982,47,M,CHINESE
part4_1983,47,F,CHINESE
part4_1984,20,F,CHINESE
part4_1985,19,F,CHINESE
part4_1986,26,F,CHINESE
part4_1987,31,F,CHINESE
part4_1988,31,F,CHINESE
part4_1989,31,F,CHINESE
part4_1990,47,M,CHINESE
part4_1991,41,M,CHINESE
part4_1992,19,F,CHINESE
part4_1993,20,F,CHINESE
part4_1994,19,F,CHINESE
part4_1995,20,F,CHINESE
part4_1996,18,F,CHINESE
part4_1997,48,F,CHINESE
part4_1998,18,F,CHINESE
part4_1999,18,F,CHINESE
part4_2000,20,F,CHINESE
part4_2001,19,F,CHINESE
part4_2002,23,F,CHINESE
part4_2003,22,F,CHINESE
part4_2004,19,F,CHINESE
part4_2005,19,F,CHINESE
part4_2006,40,M,CHINESE
part4_2007,49,M,CHINESE
part4_2010,20,F,CHINESE
part4_2011,21,F,CHINESE
part4_2012,20,F,MALAY
part4_2013,20,F,MALAY
part4_2014,21,F,CHINESE
part4_2015,26,F,CHINESE
part4_2016,25,M,CHINESE
part4_2017,24,M,CHINESE
part4_2018,23,F,CHINESE
part4_2019,23,F,CHINESE
part4_2020,19,F,CHINESE
part4_2021,20,F,CHINESE
part4_2022,23,M,CHINESE
part4_2023,23,F,CHINESE
part4_2024,33,M,CHINESE
part4_2025,34,M,CHINESE
part4_2026,31,F,CHINESE
part4_2027,31,F,CHINESE
part4_2028,22,F,CHINESE
part4_2029,22,F,CHINESE
part4_2030,21,F,CHINESE
part4_2031,20,F,CHINESE
part4_2032,40,M,CHINESE
part4_2033,33,M,CHINESE
part4_2034,23,F,CHINESE
part4_2035,25,M,CHINESE
part4_2036,19,M,MALAY
part4_2037,19,F,MALAY
part4_2038,21,F,MALAY
part4_2039,23,F,MALAY
part4_2040,23,F,CHINESE
part4_2041,25,M,CHINESE
part4_2042,24,F,CHINESE
part4_2043,29,M,CHINESE
part4_2044,18,F,CHINESE
part4_2045,18,F,CHINESE
part4_2046,20,M,CHINESE
part4_2047,23,M,CHINESE
part4_2048,23,F,CHINESE
part4_2049,23,M,CHINESE
part4_2050,22,F,CHINESE
part4_2051,23,F,CHINESE
part4_2056,20,F,CHINESE
part4_2057,20,F,CHINESE
part4_2058,24,F,CHINESE
part4_2059,24,M,CHINESE
part4_2062,18,F,CHINESE
part4_2063,24,F,CHINESE
part4_2064,23,M,CHINESE
part4_2065,50,M,CHINESE
part4_2066,25,M,CHINESE
part4_2067,22,F,CHINESE
part4_2068,21,M,CHINESE
part4_2069,20,M,CHINESE
part4_2070,18,F,CHINESE
part4_2071,20,M,CHINESE
part4_2072,25,M,MALAY
part4_2073,26,M,MALAY
part4_2074,18,F,CHINESE
part4_2075,18,F,CHINESE
part4_2076,36,M,CHINESE
part4_2077,35,F,CHINESE
part4_2080,19,F,CHINESE
part4_2081,25,M,CHINESE
part4_2082,20,F,MALAY
part4_2083,20,F,MALAY
part4_2086,18,F,CHINESE
part4_2087,18,F,CHINESE
part4_2092,23,F,CHINESE
part4_2093,28,M,CHINESE
part4_2096,20,F,INDIAN
part4_2097,19,F,INDIAN
part4_2104,41,F,CHINESE
part4_2105,59,F,CHINESE
part4_2106,31,M,CHINESE
part4_2107,36,M,CHINESE
part4_2108,24,M,CHINESE
part4_2109,24,M,CHINESE
part4_2114,24,F,CHINESE
part4_2115,26,F,CHINESE
part4_2116,24,M,CHINESE
part4_2117,24,M,CHINESE
part4_2118,19,M,CHINESE
part4_2119,19,M,CHINESE
part4_2124,32,F,CHINESE
part4_2125,32,F,CHINESE
part4_2126,22,M,CHINESE
part4_2127,25,M,CHINESE
part4_2128,19,F,CHINESE
part4_2129,24,F,CHINESE
part4_2130,22,M,CHINESE
part4_2131,22,M,CHINESE
part4_2134,18,F,CHINESE
part4_2135,18,M,CHINESE
part4_2138,20,F,CHINESE
part4_2139,22,F,CHINESE
part4_2140,25,F,CHINESE
part4_2141,18,F,CHINESE
part4_2142,20,F,CHINESE
part4_2143,19,F,CHINESE
part4_2144,20,F,CHINESE
part4_2145,18,F,CHINESE
part4_2146,27,F,CHINESE
part4_2147,31,F,CHINESE
part4_2148,20,F,MALAY
part4_2149,20,F,MALAY
part4_2150,22,F,MALAY
part4_2151,21,F,MALAY
part4_2154,20,M,CHINESE
part4_2155,20,F,CHINESE
part4_2156,49,F,CHINESE
part4_2157,52,F,CHINESE
part4_2158,33,F,CHINESE
part4_2159,26,F,CHINESE
part4_2160,23,F,CHINESE
part4_2161,23,F,CHINESE
part4_2162,18,M,MALAY
part4_2163,18,F,MALAY
part4_2164,18,F,CHINESE
part4_2165,18,F,CHINESE
part4_2166,22,F,CHINESE
part4_2167,22,F,CHINESE
part4_2168,20,M,CHINESE
part4_2169,22,F,CHINESE
part4_2170,21,M,CHINESE
part4_2171,20,F,CHINESE
part4_2172,18,M,CHINESE
part4_2173,18,M,CHINESE
part4_2174,23,M,CHINESE
part4_2175,23,F,CHINESE
part4_2178,18,F,MALAY
part4_2179,19,F,MALAY
part4_2180,19,F,CHINESE
part4_2181,20,F,CHINESE
part4_2182,29,M,CHINESE
part4_2183,47,M,CHINESE
part4_2184,24,F,INDIAN
part4_2185,24,M,INDIAN
part4_2188,41,M,CHINESE
part4_2189,42,M,CHINESE
part4_2190,19,F,CHINESE
part4_2191,19,F,CHINESE
part4_2192,20,F,CHINESE
part4_2193,21,M,CHINESE
part4_2194,18,F,CHINESE
part4_2195,18,F,CHINESE
part4_2196,20,F,CHINESE
part4_2197,20,F,CHINESE
part4_2198,18,F,CHINESE
part4_2199,18,F,CHINESE
part4_2200,31,F,CHINESE
part4_2201,31,F,CHINESE
part4_2202,24,M,CHINESE
part4_2203,21,F,CHINESE
part4_2204,18,M,CHINESE
part4_2205,18,M,CHINESE
part4_2206,33,F,CHINESE
part4_2207,44,F,CHINESE
part4_2210,18,M,CHINESE
part4_2211,18,M,CHINESE
part4_2212,23,F,CHINESE
part4_2213,23,F,CHINESE
part4_2214,20,F,CHINESE
part4_2215,21,F,CHINESE
part4_2216,31,F,CHINESE
part4_2217,65,F,CHINESE
part4_2220,24,M,CHINESE
part4_2221,24,F,CHINESE
part4_2222,22,F,MALAY
part4_2223,21,F,MALAY
part4_2224,26,F,CHINESE
part4_2225,27,F,CHINESE
part4_2226,20,F,CHINESE
part4_2227,20,F,CHINESE
part4_2232,18,F,CHINESE
part4_2233,18,F,CHINESE
part4_2234,23,F,CHINESE
part4_2235,27,M,CHINESE
part4_2236,22,F,CHINESE
part4_2237,26,F,CHINESE
part4_2238,20,F,CHINESE
part4_2239,21,M,CHINESE
part4_2240,20,M,CHINESE
part4_2241,20,M,CHINESE
part4_2242,20,F,CHINESE
part4_2243,18,F,CHINESE
part4_2246,18,F,CHINESE
part4_2247,18,F,CHINESE
part4_2248,28,F,CHINESE
part4_2249,25,F,CHINESE
part4_2250,21,F,CHINESE
part4_2251,24,F,CHINESE
part4_2252,21,F,CHINESE
part4_2253,21,F,CHINESE
part4_2254,23,F,CHINESE
part4_2255,24,F,CHINESE
part4_2256,24,F,CHINESE
part4_2257,22,F,CHINESE
part4_2258,22,F,CHINESE
part4_2259,22,F,CHINESE
part4_2260,31,F,CHINESE
part4_2261,31,M,CHINESE
part4_2262,20,M,INDIAN
part4_2263,20,F,INDIAN
part4_2264,20,M,CHINESE
part4_2265,19,M,CHINESE
part4_2266,31,M,CHINESE
part4_2267,33,M,CHINESE
part4_2272,20,F,CHINESE
part4_2273,21,F,CHINESE
part4_2274,25,M,CHINESE
part4_2275,24,F,CHINESE
part4_2278,23,M,CHINESE
part4_2279,23,M,CHINESE
part4_2282,32,F,CHINESE
part4_2283,33,F,CHINESE
part4_2284,19,F,CHINESE
part4_2285,19,F,CHINESE
part4_2286,49,F,CHINESE
part4_2287,22,F,CHINESE
part4_2288,20,M,CHINESE
part4_2289,20,M,CHINESE
part4_2290,25,M,CHINESE
part4_2291,26,M,CHINESE
part4_2294,18,M,CHINESE
part4_2295,18,M,CHINESE
part4_2296,45,F,CHINESE
part4_2297,45,F,CHINESE
part4_2300,18,F,MALAY
part4_2301,18,F,MALAY
part4_2302,44,M,CHINESE
part4_2303,43,F,CHINESE
part4_2308,22,F,CHINESE
part4_2309,22,F,CHINESE
part4_2310,20,F,CHINESE
part4_2311,19,F,CHINESE
part4_2314,39,F,CHINESE
part4_2315,20,F,CHINESE
part4_2318,28,M,CHINESE
part4_2319,27,F,CHINESE
part4_2322,21,F,MALAY
part4_2323,21,F,MALAY
part4_2328,23,F,MALAY
part4_2329,22,F,MALAY
part4_2330,28,F,MALAY
part4_2331,22,F,MALAY
part4_2332,22,F,MALAY
part4_2333,22,F,MALAY
part4_2334,35,F,MALAY
part4_2335,22,F,MALAY
part4_2336,39,M,MALAY
part4_2337,32,F,INDIAN
part4_2338,25,F,MALAY
part4_2339,23,F,MALAY
part4_2342,22,M,MALAY
part4_2343,24,M,MALAY
part4_2344,37,F,MALAY
part4_2345,36,F,MALAY
part4_2346,20,M,MALAY
part4_2347,20,M,MALAY
part4_2350,31,F,CHINESE
part4_2351,25,F,CHINESE
part4_2360,20,F,CHINESE
part4_2361,23,M,CHINESE
part4_2362,19,M,CHINESE
part4_2363,19,M,CHINESE
part4_2364,18,M,CHINESE
part4_2365,18,M,CHINESE
part4_2384,28,M,CHINESE
part4_2385,47,F,CHINESE
part4_2388,19,M,CHINESE
part4_2389,19,F,CHINESE
part4_2396,18,M,CHINESE
part4_2397,20,F,CHINESE
part4_2398,25,M,MALAY
part4_2399,25,M,MALAY
part4_2400,23,M,INDIAN
part4_2401,23,F,INDIAN
part4_2402,21,M,INDIAN
part4_2403,20,M,INDIAN
part4_2404,22,F,MALAY
part4_2405,22,F,MALAY
part4_2406,18,M,INDIAN
part4_2407,18,M,INDIAN
part4_2410,31,M,MALAY
part4_2411,23,M,MALAY
part4_2412,35,M,INDIAN
part4_2413,34,M,MALAY
part4_2414,19,F,INDIAN
part4_2415,19,F,INDIAN
part4_2416,18,M,INDIAN
part4_2417,25,F,INDIAN
part4_2418,28,M,CHINESE
part4_2419,23,M,CHINESE
part4_2420,26,F,MALAY
part4_2421,35,M,MALAY
part4_2422,40,F,MALAY
part4_2423,34,F,MALAY
part4_2424,18,M,INDIAN
part4_2425,19,F,INDIAN
part4_2426,18,F,MALAY
part4_2427,18,F,MALAY
part4_2428,29,F,MALAY
part4_2429,26,F,MALAY
part4_2432,31,F,MALAY
part4_2433,30,F,MALAY
part4_2434,24,F,CHINESE
part4_2435,26,F,CHINESE
part4_2438,20,F,MALAY
part4_2439,24,M,MALAY
part4_2440,21,M,CHINESE
part4_2441,22,F,CHINESE
part4_2442,18,F,MALAY
part4_2443,18,F,MALAY
part4_2444,20,F,INDIAN
part4_2445,20,F,INDIAN
part4_2446,22,F,INDIAN
part4_2447,22,F,INDIAN
part4_2450,24,F,MALAY
part4_2451,31,M,MALAY
part4_2452,24,M,MALAY
part4_2453,22,M,MALAY
part4_2456,19,M,CHINESE
part4_2457,19,F,CHINESE
part4_2458,23,F,MALAY
part4_2459,23,F,MALAY
part4_2460,19,F,MALAY
part4_2461,18,F,MALAY
part4_2462,18,F,INDIAN
part4_2463,18,F,INDIAN
part4_2464,22,F,MALAY
part4_2465,21,F,MALAY
part4_2466,21,F,INDIAN
part4_2467,55,F,INDIAN
part4_2468,23,F,MALAY
part4_2469,23,F,MALAY
part4_2470,25,F,MALAY
part4_2471,25,F,MALAY
part4_2472,18,M,CHINESE
part4_2473,18,M,CHINESE
part4_2474,21,M,MALAY
part4_2475,24,M,MALAY
part4_2476,31,F,CHINESE
part4_2477,31,F,CHINESE
part4_2478,20,F,MALAY
part4_2479,25,F,MALAY
part4_2480,37,M,MALAY
part4_2481,49,M,MALAY
part4_2482,65,F,INDIAN
part4_2483,31,F,INDIAN
part4_2488,23,M,MALAY
part4_2489,23,M,MALAY
part4_2490,18,F,INDIAN
part4_2491,19,F,INDIAN
part4_2494,21,M,INDIAN
part4_2495,20,M,INDIAN
part4_2496,23,M,INDIAN
part4_2497,21,M,INDIAN
part4_2498,20,F,INDIAN
part4_2499,22,M,INDIAN
part4_2500,20,F,INDIAN
part4_2501,19,F,INDIAN
part4_2502,19,F,INDIAN
part4_2503,19,F,INDIAN
part4_2506,20,F,INDIAN
part4_2507,19,M,INDIAN
part4_1366,22,M,CHINESE
part4_1367,20,F,CHINESE
part4_1388,24,M,CHINESE
part4_1389,22,F,CHINESE
part4_1398,20,F,CHINESE
part4_1399,24,M,CHINESE
part4_1716,23,M,CHINESE
part4_1717,18,M,CHINESE
part4_1800,19,F,CHINESE
part4_1801,19,F,CHINESE
part4_1960,32,F,CHINESE
part4_1961,34,F,CHINESE
part4_2100,20,M,CHINESE
part4_2101,20,M,CHINESE
part4_2270,18,F,MALAY
part4_2271,19,F,MALAY
part4_2276,18,M,CHINESE
part4_2277,18,M,CHINESE
part4_2304,31,M,MALAY
part4_2305,31,M,MALAY
part4_2306,20,F,CHINESE
part4_2307,22,M,CHINESE
part4_2508,20,F,INDIAN
part4_2509,20,F,INDIAN
part4_2510,21,M,INDIAN
part4_2511,21,M,INDIAN
part4_2514,19,M,CHINESE
part4_2515,19,M,CHINESE
part4_2516,47,F,MALAY
part4_2517,24,F,MALAY
part4_2518,47,M,CHINESE
part4_2519,49,M,CHINESE
part4_2520,23,M,CHINESE
part4_2521,22,M,CHINESE
part4_2522,20,F,MALAY
part4_2523,55,F,MALAY
part4_2524,25,F,CHINESE
part4_2525,23,M,CHINESE
part4_2526,22,F,CHINESE
part4_2527,24,M,CHINESE
part4_2530,28,F,MALAY
part4_2531,22,F,MALAY
part4_2532,25,F,MALAY
part4_2533,27,F,MALAY
part4_2538,23,F,CHINESE
part4_2539,24,F,CHINESE
part4_2540,19,F,INDIAN
part4_2541,18,F,INDIAN
part4_2544,22,F,CHINESE
part4_2545,22,M,CHINESE
part4_2546,18,F,CHINESE
part4_2547,19,M,CHINESE
part4_2548,31,F,MALAY
part4_2549,33,M,MALAY
part4_2550,46,F,CHINESE
part4_2551,41,F,CHINESE
part4_2554,19,F,CHINESE
part4_2555,19,M,CHINESE
part4_2556,37,M,MALAY
part4_2557,40,M,MALAY
part4_2558,42,M,CHINESE
part4_2559,18,M,CHINESE
part4_2562,22,F,MALAY
part4_2563,20,M,MALAY
part4_2566,18,F,MALAY
part4_2567,18,F,MALAY
part4_2568,21,F,INDIAN
part4_2569,24,M,INDIAN
part4_2570,20,F,INDIAN
part4_2571,19,F,INDIAN
part4_2572,46,M,INDIAN
part4_2573,18,F,INDIAN
part4_2574,25,M,CHINESE
part4_2575,25,F,CHINESE
part4_2576,56,F,INDIAN
part4_2577,73,M,INDIAN
part4_2578,19,F,INDIAN
part4_2579,21,F,INDIAN
part4_2580,20,F,INDIAN
part4_2581,19,F,INDIAN
part4_2582,21,M,INDIAN
part4_2583,21,F,INDIAN
part4_2584,22,M,INDIAN
part4_2585,19,F,INDIAN
part4_2586,23,F,INDIAN
part4_2587,24,F,INDIAN
part4_2588,18,M,INDIAN
part4_2589,18,M,INDIAN
part4_2590,19,F,INDIAN
part4_2591,20,F,INDIAN
part4_2594,35,M,CHINESE
part4_2595,40,M,CHINESE
part4_2596,18,F,MALAY
part4_2597,18,F,MALAY
part4_2598,28,M,INDIAN
part4_2599,19,M,INDIAN
part4_2600,22,F,INDIAN
part4_2601,22,F,INDIAN
part4_2604,28,F,MALAY
part4_2605,34,M,MALAY
part4_2606,18,M,CHINESE
part4_2607,18,M,CHINESE
part4_2608,18,F,MALAY
part4_2609,18,F,MALAY
part4_2610,18,M,INDIAN
part4_2611,18,M,INDIAN
part4_2612,19,F,MALAY
part4_2613,19,F,MALAY
part4_2614,18,F,MALAY
part4_2615,18,F,MALAY
part4_2616,26,F,CHINESE
part4_2617,31,F,CHINESE
part4_2618,18,F,CHINESE
part4_2619,18,F,CHINESE
part4_2624,25,M,CHINESE
part4_2625,22,M,CHINESE
part4_2626,24,M,CHINESE
part4_2627,23,F,CHINESE
part4_2630,42,F,CHINESE
part4_2631,49,M,CHINESE
part4_2632,20,M,CHINESE
part4_2633,18,F,CHINESE
part4_2634,23,F,CHINESE
part4_2635,23,F,CHINESE
part4_2636,28,M,CHINESE
part4_2637,31,F,CHINESE
part4_2638,22,F,CHINESE
part4_2639,20,F,CHINESE
part4_2640,23,F,CHINESE
part4_2641,23,F,CHINESE
part4_2642,46,F,CHINESE
part4_2643,47,M,CHINESE
part4_2644,26,M,CHINESE
part4_2645,26,M,CHINESE
part4_2646,22,F,CHINESE
part4_2647,49,F,CHINESE
part4_6025,18,F,INDIAN
part4_6026,18,F,INDIAN
part4_6027,40,M,MALAY
part4_6028,28,M,MALAY
part4_6029,45,F,MALAY
part4_6030,22,F,MALAY
part4_6031,24,M,INDIAN
part4_6032,21,F,INDIAN
part4_6033,20,F,INDIAN
part4_6034,20,F,INDIAN
part4_6035,19,F,INDIAN
part4_6036,19,F,INDIAN
part4_6037,36,F,INDIAN
part4_6038,40,M,INDIAN
part4_6039,24,M,INDIAN
part4_6040,21,F,INDIAN
part4_6041,21,F,INDIAN
part4_6042,23,M,INDIAN
part4_6045,25,M,INDIAN
part4_6046,24,M,INDIAN
part4_2648,20,M,CHINESE
part4_2649,19,F,CHINESE
part4_2650,20,M,CHINESE
part4_2651,20,M,CHINESE
part4_2652,20,M,MALAY
part4_2653,19,M,MALAY
part4_2658,28,M,CHINESE
part4_2659,28,M,CHINESE
part4_2662,24,M,INDIAN
part4_2663,24,M,MALAY
part4_2664,64,M,CHINESE
part4_2665,60,F,CHINESE
part4_2666,20,F,CHINESE
part4_2667,19,F,CHINESE
part4_2668,22,F,MALAY
part4_2669,23,F,MALAY
part4_2670,20,M,CHINESE
part4_2671,20,M,CHINESE
part4_2672,18,M,CHINESE
part4_2673,24,M,CHINESE
part4_2674,53,M,CHINESE
part4_2675,28,M,CHINESE
part4_2678,28,M,MALAY
part4_2679,28,M,MALAY
part4_2680,18,F,MALAY
part4_2681,18,F,MALAY
part4_2682,19,F,INDIAN
part4_2683,19,F,INDIAN
part4_2684,34,M,CHINESE
part4_2685,31,F,CHINESE
part4_2686,23,M,MALAY
part4_2687,24,M,INDIAN
part4_2688,24,M,CHINESE
part4_2689,24,M,CHINESE
part4_2690,18,F,CHINESE
part4_2691,23,M,CHINESE
part4_2694,31,M,CHINESE
part4_2695,31,F,CHINESE
part4_2696,47,F,CHINESE
part4_2697,21,M,CHINESE
part4_2698,31,M,CHINESE
part4_2699,27,F,CHINESE
part4_2700,20,F,MALAY
part4_2701,55,F,MALAY
part4_2702,38,F,CHINESE
part4_2703,38,M,CHINESE
part4_2704,25,M,MALAY
part4_2705,25,F,MALAY
part4_2706,23,M,CHINESE
part4_2707,24,F,CHINESE
part4_2710,24,F,CHINESE
part4_2711,24,F,CHINESE
part4_2712,31,F,CHINESE
part4_2713,39,F,CHINESE
part4_2714,36,F,CHINESE
part4_2715,38,F,CHINESE
part4_2716,24,F,CHINESE
part4_2717,55,F,CHINESE
part4_2718,20,M,MALAY
part4_2719,20,F,MALAY
part4_2720,19,F,INDIAN
part4_2721,19,F,INDIAN
part4_2726,18,M,CHINESE
part4_2727,18,M,CHINESE
part4_2728,33,F,INDIAN
part4_2729,24,F,INDIAN
part4_2734,22,F,CHINESE
part4_2735,22,F,CHINESE
part4_2736,22,F,CHINESE
part4_2737,25,M,CHINESE
part4_2738,20,F,INDIAN
part4_2739,20,F,INDIAN
part4_2740,40,M,CHINESE
part4_2741,38,M,CHINESE
part4_2743,19,F,INDIAN
part4_2742,18,F,INDIAN
part4_2748,23,M,CHINESE
part4_2749,22,F,CHINESE
part4_2752,22,M,INDIAN
part4_2753,54,M,INDIAN
part4_2756,56,F,INDIAN
part4_2757,73,F,INDIAN
part4_2762,20,M,INDIAN
part4_2763,20,M,INDIAN
part4_2764,65,F,INDIAN
part4_2765,72,M,INDIAN
part4_6049,20,F,INDIAN
part4_6050,20,F,INDIAN
part4_6051,19,F,INDIAN
part4_6052,19,F,INDIAN
part4_6053,19,F,INDIAN
part4_6054,19,F,INDIAN
part4_6055,21,F,INDIAN
part4_6056,23,M,INDIAN
part4_2766,54,M,INDIAN
part4_2767,72,M,INDIAN
part4_2770,22,M,CHINESE
part4_2771,22,M,CHINESE
part4_2774,20,F,INDIAN
part4_2775,46,F,INDIAN
part4_2776,20,F,MALAY
part4_2777,20,F,MALAY
part4_2778,18,F,CHINESE
part4_2779,19,M,CHINESE
part4_2780,19,F,MALAY
part4_2781,19,F,MALAY
part4_2784,19,M,CHINESE
part4_2785,18,M,CHINESE
part4_2788,28,F,INDIAN
part4_2789,21,F,INDIAN
part4_2790,23,M,MALAY
part4_2791,24,F,MALAY
part4_2792,20,F,MALAY
part4_2793,19,F,MALAY
part4_2794,19,M,INDIAN
part4_2795,19,F,INDIAN
part4_2796,18,M,INDIAN
part4_2797,28,F,INDIAN
part4_2798,22,F,CHINESE
part4_2799,21,M,CHINESE
part4_2800,27,M,MALAY
part4_2801,31,F,MALAY
part4_2802,26,F,MALAY
part4_2803,27,F,MALAY
part4_2806,33,M,CHINESE
part4_2807,24,M,CHINESE
part4_2808,23,M,CHINESE
part4_2809,23,M,CHINESE
part4_2810,42,F,CHINESE
part4_2811,48,F,CHINESE
part4_2816,18,F,INDIAN
part4_2817,18,F,INDIAN
part4_2818,19,M,CHINESE
part4_2819,19,M,CHINESE
part4_2820,18,M,CHINESE
part4_2821,18,F,CHINESE
part4_2826,23,M,CHINESE
part4_2827,23,F,CHINESE
part4_6057,27,M,INDIAN
part4_6058,27,M,INDIAN
part4_2828,27,M,CHINESE
part4_2829,27,M,CHINESE
part4_2830,34,F,CHINESE
part4_2831,35,M,CHINESE
part4_2834,19,F,CHINESE
part4_2835,23,M,CHINESE
part4_2836,23,M,CHINESE
part4_2837,20,F,CHINESE
part4_2838,19,M,CHINESE
part4_2839,19,F,CHINESE
part4_2842,34,F,CHINESE
part4_2843,25,M,CHINESE
part4_2844,18,M,INDIAN
part4_2845,19,M,INDIAN
part4_2846,18,M,CHINESE
part4_2847,19,M,CHINESE
part4_2848,21,M,CHINESE
part4_2849,20,M,CHINESE
part4_2850,23,F,MALAY
part4_2851,22,F,MALAY
part4_2852,31,F,CHINESE
part4_2853,31,F,CHINESE
part4_2858,54,M,CHINESE
part4_2859,26,M,CHINESE
part4_2860,22,M,CHINESE
part4_2861,22,F,CHINESE
part4_2864,31,F,MALAY
part4_2865,25,F,MALAY
part4_2866,31,F,CHINESE
part4_2867,57,F,CHINESE
part4_2868,18,M,CHINESE
part4_2869,18,M,CHINESE
part4_2870,18,F,INDIAN
part4_2871,19,F,INDIAN
part4_2872,21,F,CHINESE
part4_2873,54,M,CHINESE
part4_2874,18,F,MALAY
part4_2875,18,F,MALAY
part4_2876,19,M,MALAY
part4_2877,19,M,MALAY
part4_2878,19,M,INDIAN
part4_2879,19,M,INDIAN
part4_2880,20,F,CHINESE
part4_2881,20,M,CHINESE
part4_2882,20,M,CHINESE
part4_2883,21,M,CHINESE
part4_2884,18,F,MALAY
part4_2885,21,F,MALAY
part4_2888,22,F,CHINESE
part4_2889,24,M,CHINESE
part4_2892,19,M,CHINESE
part4_2893,19,M,CHINESE
part4_2894,20,M,CHINESE
part4_2895,20,M,CHINESE
part4_2900,24,M,CHINESE
part4_2901,23,M,CHINESE
part4_2902,18,M,CHINESE
part4_2903,18,M,CHINESE
part4_2904,20,M,CHINESE
part4_2905,20,M,CHINESE
part4_2908,21,F,INDIAN
part4_2909,24,F,INDIAN
part4_2912,18,F,MALAY
part4_2913,18,F,MALAY
part4_2916,25,M,CHINESE
part4_2917,24,M,CHINESE
part4_2918,23,M,MALAY
part4_2919,24,M,MALAY
part4_2920,21,M,CHINESE
part4_2921,21,M,CHINESE
part4_2922,25,M,CHINESE
part4_2923,25,M,CHINESE
part4_2924,20,F,INDIAN
part4_2925,20,F,INDIAN
part4_2926,19,M,CHINESE
part4_2927,18,F,CHINESE
part4_2930,18,F,MALAY
part4_2931,18,F,MALAY
part4_2936,31,M,CHINESE
part4_2937,33,M,CHINESE
part4_2938,21,F,MALAY
part4_2939,22,F,MALAY
part4_2940,18,M,CHINESE
part4_2941,18,M,CHINESE
part4_2942,22,M,CHINESE
part4_2943,21,M,CHINESE
part4_2944,19,M,CHINESE
part4_2945,20,M,CHINESE
part4_2946,18,M,CHINESE
part4_2947,18,M,CHINESE
part4_2950,21,F,CHINESE
part4_2951,21,M,CHINESE
part4_6061,35,F,MALAY
part4_6062,26,F,MALAY
part4_6063,23,M,INDIAN
part4_6064,24,M,INDIAN
part4_2324,50,F,CHINESE
part4_2325,18,M,CHINESE
part4_2348,61,F,CHINESE
part4_2349,23,F,CHINESE
part4_2366,18,M,CHINESE
part4_2367,24,M,CHINESE
part4_2372,18,M,CHINESE
part4_2373,18,M,CHINESE
part4_2392,19,M,CHINESE
part4_2393,21,M,CHINESE
part4_2430,30,M,CHINESE
part4_2341,31,M,CHINESE
part4_2954,32,F,MALAY
part4_2955,33,F,MALAY
part4_2958,32,M,CHINESE
part4_2959,35,M,CHINESE
part4_2960,31,F,MALAY
part4_2961,31,M,MALAY
part4_2358,28,F,CHINESE
part4_2359,32,M,CHINESE
part4_2431,31,M,CHINESE
part4_2962,34,M,MALAY
part4_2963,32,F,MALAY
part4_2978,31,M,MALAY
part4_2979,31,M,MALAY
part4_2984,23,M,MALAY
part4_2985,18,F,MALAY
part4_2986,34,F,MALAY
part4_2987,31,F,MALAY
part4_2988,31,F,MALAY
part4_2989,20,F,MALAY
part4_2990,31,M,MALAY
part4_2991,31,F,MALAY
part4_2992,21,F,INDIAN
part4_2993,24,M,INDIAN
part4_2994,24,F,MALAY
part4_2995,24,F,MALAY
part4_2996,24,M,MALAY
part4_2997,24,M,MALAY
part4_2998,23,F,MALAY
part4_2999,23,F,MALAY
part4_3004,31,F,MALAY
part4_3005,35,M,MALAY
part4_3006,22,F,MALAY
part4_3007,22,F,MALAY
part4_3008,46,M,MALAY
part4_3009,46,F,MALAY
part4_3012,18,F,MALAY
part4_3013,20,F,MALAY
part4_3016,31,M,CHINESE
part4_3017,31,M,CHINESE
part4_6069,24,F,INDIAN
part4_6070,23,F,INDIAN
part4_6071,21,F,INDIAN
part4_6072,21,F,INDIAN
part4_6073,21,F,INDIAN
part4_6074,27,M,INDIAN
part4_6077,23,F,INDIAN
part4_6078,23,F,INDIAN
part4_6079,20,F,INDIAN
part4_6080,20,F,INDIAN
part4_3028,31,F,MALAY
part4_3029,31,F,MALAY
part4_3003,32,F,INDIAN
part4_3002,31,M,INDIAN
part4_3032,31,F,INDIAN
part4_3033,53,F,INDIAN
part4_3034,31,F,MALAY
part4_3035,34,F,MALAY
part4_3038,31,M,MALAY
part4_3039,24,F,MALAY
part4_3040,31,F,MALAY
part4_3041,31,F,MALAY
part4_3042,31,M,MALAY
part4_3043,54,F,MALAY
part4_3044,31,M,CHINESE
part4_3045,31,M,CHINESE
part4_3046,31,M,MALAY
part4_3047,32,F,MALAY
part4_3048,31,F,MALAY
part4_3049,33,F,MALAY
part4_3050,33,F,MALAY
part4_3051,31,F,MALAY
part4_3052,32,F,MALAY
part4_3053,31,F,MALAY
part4_3056,31,M,INDIAN
part4_3057,33,M,INDIAN
part4_3058,36,F,INDIAN
part4_3059,37,M,INDIAN
part4_3060,31,M,MALAY
part4_3061,32,M,MALAY
part4_3066,31,F,MALAY
part4_3067,32,M,MALAY
part4_3070,31,F,INDIAN
part4_3071,32,F,INDIAN
part4_3074,46,F,INDIAN
part4_3075,18,F,INDIAN
part4_3082,24,F,MALAY
part4_3083,18,F,MALAY
part4_3086,32,M,MALAY
part4_3087,33,F,MALAY
part4_3088,31,F,MALAY
part4_3089,31,F,CHINESE
part4_3092,31,F,INDIAN
part4_3068,32,F,INDIAN
part4_3094,33,F,MALAY
part4_3095,31,M,MALAY
part4_3096,23,M,CHINESE
part4_3097,22,M,CHINESE
part4_3100,31,F,MALAY
part4_3101,31,F,MALAY
part4_3102,46,F,INDIAN
part4_3103,54,M,INDIAN
part4_3106,47,F,MALAY
part4_3107,47,F,MALAY
part4_3108,19,F,MALAY
part4_3109,46,F,MALAY
part4_3112,18,M,CHINESE
part4_3113,53,M,CHINESE
part4_3114,22,F,MALAY
part4_3115,22,F,MALAY
part4_3118,34,F,MALAY
part4_3119,34,M,MALAY
part4_3120,19,M,CHINESE
part4_3121,19,M,MALAY
part4_3122,31,F,MALAY
part4_3123,31,F,MALAY
part4_3124,32,F,MALAY
part4_3125,31,F,MALAY
part4_3126,46,F,MALAY
part4_3127,46,M,MALAY
part4_3128,32,M,INDIAN
part4_3129,31,M,INDIAN
part4_3130,34,F,MALAY
part4_3131,34,M,MALAY
part4_3132,31,F,MALAY
part4_3133,31,F,MALAY
part4_3136,32,F,MALAY
part4_3137,31,F,MALAY
part4_3140,36,M,MALAY
part4_3141,37,M,MALAY
part4_3144,31,M,MALAY
part4_3145,31,F,MALAY
part4_3146,18,M,INDIAN
part4_3147,18,M,INDIAN
part4_3150,26,F,MALAY
part4_3151,22,F,MALAY
part4_3154,59,F,INDIAN
part4_3155,31,F,INDIAN
part4_3156,32,M,MALAY
part4_3157,31,M,INDIAN
part4_3160,31,F,INDIAN
part4_3161,31,F,INDIAN
part4_3162,33,M,MALAY
part4_3163,32,F,MALAY
part4_3164,46,F,MALAY
part4_3165,47,F,MALAY
part4_3166,46,F,MALAY
part4_3167,47,F,MALAY
part4_3170,46,M,MALAY
part4_3171,47,F,MALAY
part4_3172,46,M,MALAY
part4_3173,48,M,MALAY
part4_3176,56,F,INDIAN
part4_3177,31,M,INDIAN
part4_3180,18,M,CHINESE
part4_3181,18,M,CHINESE
part4_3182,32,F,CHINESE
part4_3183,32,F,MALAY
part4_3184,32,M,MALAY
part4_3185,31,M,MALAY
part4_3186,18,F,INDIAN
part4_3187,18,F,INDIAN
part4_3188,31,M,CHINESE
part4_3189,32,F,CHINESE
part4_3190,39,F,MALAY
part4_3191,46,M,MALAY
part4_3192,39,F,MALAY
part4_3193,31,F,MALAY
part4_3196,31,M,CHINESE
part4_3197,24,M,CHINESE
part4_3198,31,F,MALAY
part4_3199,31,F,MALAY
part4_3202,31,F,MALAY
part4_3203,31,M,MALAY
part4_3204,46,F,MALAY
part4_3205,47,M,MALAY
part4_3206,31,M,CHINESE
part4_3207,31,M,CHINESE
part4_3208,29,M,MALAY
part4_3209,32,F,MALAY
part4_3210,25,F,MALAY
part4_3211,18,F,MALAY
part4_3212,32,M,INDIAN
part4_3213,31,F,INDIAN
part4_6083,24,M,INDIAN
part4_6084,26,M,INDIAN
part4_6085,23,M,INDIAN
part4_6086,25,F,INDIAN
part4_6087,22,F,INDIAN
part4_6088,23,M,INDIAN
part4_6089,27,F,INDIAN
part4_6090,25,F,INDIAN
part4_6091,21,M,INDIAN
part4_6092,23,M,INDIAN
part4_6093,27,F,INDIAN
part4_6094,22,F,INDIAN
part4_6097,24,F,INDIAN
part4_6098,27,F,INDIAN
part4_6065,20,F,INDIAN
part4_6066,22,M,INDIAN
part4_6067,22,M,INDIAN
part4_6068,22,M,INDIAN
part4_2354,18,M,CHINESE
part4_2355,18,M,CHINESE
part4_2656,21,F,MALAY
part4_2657,23,F,MALAY
part4_2896,31,F,MALAY
part4_2897,31,M,MALAY
part4_2966,32,M,CHINESE
part4_2967,32,M,CHINESE
part4_3000,24,F,INDIAN
part4_3001,18,F,INDIAN
part4_3014,31,F,INDIAN
part4_3015,57,M,INDIAN
part4_3026,20,M,INDIAN
part4_3027,22,F,INDIAN
part4_3069,31,F,INDIAN
part4_3062,21,F,MALAY
part4_3063,22,M,MALAY
part4_2356,23,M,CHINESE
part4_2357,23,F,CHINESE
part4_2390,32,F,CHINESE
part4_2391,34,F,CHINESE
part4_2952,19,M,MALAY
part4_2953,19,M,MALAY
part4_2484,20,F,CHINESE
part4_2485,20,F,CHINESE
part4_3214,32,F,MALAY
part4_3215,46,M,MALAY
part4_3218,46,M,MALAY
part4_3219,47,M,MALAY
part4_3222,31,M,CHINESE
part4_3223,38,M,CHINESE
part4_3224,31,M,INDIAN
part4_3225,33,M,INDIAN
part4_3226,31,M,CHINESE
part4_3227,31,M,CHINESE
part4_3228,32,M,MALAY
part4_3229,46,M,MALAY
part4_3230,31,M,CHINESE
part4_3231,31,M,CHINESE
part4_3234,31,M,CHINESE
part4_3235,31,M,CHINESE
part4_3236,46,M,CHINESE
part4_3237,46,M,CHINESE
part4_3242,31,M,INDIAN
part4_3243,31,M,INDIAN
part4_3244,20,F,INDIAN
part4_3245,21,F,INDIAN
part4_3248,31,M,CHINESE
part4_3249,31,M,CHINESE
part4_3252,31,M,CHINESE
part4_3253,31,M,CHINESE
part4_3254,55,F,INDIAN
part4_3256,33,M,CHINESE
part4_3257,31,M,CHINESE
part4_3258,22,M,CHINESE
part4_3259,22,M,CHINESE
part4_3260,32,M,CHINESE
part4_3261,31,M,CHINESE
part4_3262,31,M,CHINESE
part4_3263,31,M,CHINESE
part4_3264,32,M,CHINESE
part4_3265,31,M,CHINESE
part4_3266,34,M,CHINESE
part4_3267,31,M,CHINESE
part4_3268,31,M,INDIAN
part4_3269,31,M,INDIAN
part4_3270,31,M,CHINESE
part4_3271,31,M,CHINESE
part4_3272,32,M,CHINESE
part4_3273,31,M,CHINESE
part4_3274,31,M,CHINESE
part4_3275,31,M,CHINESE
part4_3276,20,M,CHINESE
part4_3277,31,M,CHINESE
part4_3278,49,F,MALAY
part4_3279,20,M,MALAY
part4_3280,35,M,MALAY
part4_3281,36,F,MALAY
part4_3282,46,M,CHINESE
part4_3283,46,M,CHINESE
part4_3286,50,F,MALAY
part4_3287,31,F,MALAY
part4_3288,20,M,INDIAN
part4_3289,32,M,INDIAN
part4_3290,19,M,CHINESE
part4_3291,23,M,CHINESE
part4_3292,20,M,CHINESE
part4_3293,20,M,CHINESE
part4_3294,23,M,CHINESE
part4_3295,23,M,CHINESE
part4_3296,19,M,CHINESE
part4_3297,31,M,CHINESE
part4_3300,31,M,CHINESE
part4_3301,31,M,CHINESE
part4_3302,47,M,CHINESE
part4_3303,46,M,CHINESE
part4_3304,46,M,MALAY
part4_3305,31,M,MALAY
part4_3306,31,M,CHINESE
part4_3307,47,M,CHINESE
part4_3308,26,M,CHINESE
part4_3309,32,M,CHINESE
part4_3314,31,M,MALAY
part4_3315,31,M,MALAY
part4_3316,18,M,CHINESE
part4_3317,18,M,CHINESE
part4_3318,31,M,CHINESE
part4_3319,31,M,CHINESE
part4_3322,21,M,CHINESE
part4_3323,19,M,CHINESE
part4_3324,31,M,MALAY
part4_3325,34,F,MALAY
part4_3326,31,M,CHINESE
part4_3327,31,M,CHINESE
part4_6099,21,F,INDIAN
part4_6100,21,F,INDIAN
part4_6103,23,F,INDIAN
part4_6104,22,F,INDIAN
part4_6107,22,M,INDIAN
part4_6108,24,F,INDIAN
part4_6109,21,M,MALAY
part4_6110,22,M,MALAY
part4_2320,26,F,CHINESE
part4_2321,58,F,CHINESE
part4_2352,22,F,CHINESE
part4_2353,24,M,CHINESE
part4_2542,20,M,CHINESE
part4_2543,19,M,CHINESE
part4_2560,26,M,CHINESE
part4_2561,24,F,CHINESE
part4_3330,24,M,MALAY
part4_3331,24,M,MALAY
part4_3332,19,F,INDIAN
part4_3334,19,F,INDIAN
part4_3338,46,F,INDIAN
part4_3339,46,F,INDIAN
part4_3340,46,F,INDIAN
part4_3341,46,F,INDIAN
part4_3344,31,M,CHINESE
part4_3345,31,M,CHINESE
part4_3346,33,M,MALAY
part4_3347,31,F,MALAY
part4_3348,21,M,CHINESE
part4_3349,21,M,CHINESE
part4_3352,47,M,INDIAN
part4_3353,46,F,INDIAN
part4_3354,32,M,INDIAN
part4_3355,31,M,INDIAN
part4_3356,31,M,MALAY
part4_3357,31,M,MALAY
part4_3362,31,F,INDIAN
part4_3363,31,F,INDIAN
part4_3366,21,M,CHINESE
part4_3367,22,M,CHINESE
part4_3368,33,M,CHINESE
part4_3369,34,M,CHINESE
part4_3370,35,M,CHINESE
part4_3371,35,M,CHINESE
part4_3372,46,M,INDIAN
part4_3373,47,M,INDIAN
part4_3384,51,M,CHINESE
part4_3385,47,M,CHINESE
part4_3386,46,F,INDIAN
part4_3387,31,F,INDIAN
part4_3388,24,M,INDIAN
part4_3389,21,F,INDIAN
part4_3398,18,M,INDIAN
part4_3399,24,M,INDIAN
part4_3402,20,F,INDIAN
part4_3403,20,F,INDIAN
part4_3406,23,M,CHINESE
part4_3407,23,F,CHINESE
part4_3408,32,F,INDIAN
part4_3409,35,M,INDIAN
part4_3410,50,F,INDIAN
part4_3411,48,F,INDIAN
part4_3414,22,M,INDIAN
part4_3415,22,M,INDIAN
part4_3418,47,M,CHINESE
part4_3419,47,M,CHINESE
part4_3420,31,M,INDIAN
part4_3421,31,M,INDIAN
part4_3422,35,F,INDIAN
part4_3423,33,F,INDIAN
part4_3424,31,M,INDIAN
part4_3425,32,M,INDIAN
part4_3426,33,M,INDIAN
part4_3427,32,M,INDIAN
part4_3430,59,F,INDIAN
part4_3431,46,F,INDIAN
part4_3432,31,M,INDIAN
part4_3433,32,M,INDIAN
part4_3434,18,M,INDIAN
part4_3435,18,M,INDIAN
part4_3436,32,M,INDIAN
part4_3437,21,M,INDIAN
part4_3440,18,M,INDIAN
part4_3441,18,M,INDIAN
part4_3446,31,F,INDIAN
part4_3447,33,M,INDIAN
part4_3448,19,M,CHINESE
part4_3449,19,M,CHINESE
part4_3450,52,M,CHINESE
part4_3451,46,M,CHINESE
part4_3452,32,M,INDIAN
part4_3453,31,M,INDIAN
part4_3456,49,M,INDIAN
part4_3457,46,M,INDIAN
part4_6113,22,F,INDIAN
part4_6114,22,F,INDIAN
part4_6115,18,F,INDIAN
part4_6116,19,F,INDIAN
part4_6117,22,M,INDIAN
part4_6118,22,M,INDIAN
part4_3460,32,M,INDIAN
part4_3461,31,M,INDIAN
part4_3464,20,F,INDIAN
part4_3465,19,F,INDIAN
part4_3468,32,F,INDIAN
part4_3469,31,M,INDIAN
part4_3473,31,F,INDIAN
part4_3472,32,M,INDIAN
part4_1126,20,F,CHINESE
part4_1127,20,F,CHINESE
part4_1440,25,F,INDIAN
part4_1441,26,F,INDIAN
part4_1930,18,M,INDIAN
part4_1931,22,M,INDIAN
part4_1870,22,F,MALAY
part4_1871,26,M,MALAY
part4_1880,18,F,CHINESE
part4_1881,23,F,CHINESE
part4_2084,20,F,CHINESE
part4_2085,21,F,CHINESE
part4_2090,27,M,INDIAN
part4_2091,31,F,INDIAN
part4_2132,49,F,CHINESE
part4_2133,51,M,CHINESE
part4_3378,51,M,MALAY
part4_3379,48,M,MALAY
part4_3478,43,F,MALAY
part4_3479,38,F,MALAY
part4_3484,31,M,INDIAN
part4_3485,59,M,INDIAN
part4_3490,35,F,MALAY
part4_3491,34,F,MALAY
part4_3492,31,F,MALAY
part4_3493,34,M,MALAY
part4_3494,35,F,MALAY
part4_3495,32,F,MALAY
part4_3496,32,F,MALAY
part4_3497,35,M,MALAY
part4_3498,27,F,MALAY
part4_3499,31,F,MALAY
part4_3312,46,M,MALAY
part4_3313,46,M,MALAY
part4_3500,22,M,INDIAN
part4_3501,22,M,INDIAN
part4_3504,46,M,MALAY
part4_3505,46,F,MALAY
part4_3506,48,F,MALAY
part4_3507,46,M,MALAY
part4_3508,32,F,MALAY
part4_3509,35,M,MALAY
part4_3510,31,F,MALAY
part4_3511,31,F,MALAY
part4_3512,18,M,MALAY
part4_3513,18,F,MALAY
part4_3514,31,F,MALAY
part4_3515,32,M,MALAY
part4_3516,31,M,INDIAN
part4_3517,31,F,INDIAN
part4_2862,22,F,MALAY
part4_2863,22,F,MALAY
part4_2974,31,M,MALAY
part4_2975,31,F,MALAY
part4_3168,46,F,MALAY
part4_3169,31,F,MALAY
part5_4001,25,F,CHINESE
part5_4002,26,F,MALAY
part5_6001,32,M,CHINESE
part5_6002,27,M,CHINESE
part5_4003,26,F,MALAY
part5_4004,40,M,CHINESE
part5_6003,27,F,INDIAN
part5_6004,25,F,MALAY
part5_6005,46,M,CHINESE
part5_6006,36,F,CHINESE
part5_4006,21,F,CHINESE
part5_4005,23,M,CHINESE
part5_4007,19,F,CHINESE
part5_4008,19,F,MALAY
part5_6007,21,F,CHINESE
part5_6008,20,F,CHINESE
part5_4009,19,F,CHINESE
part5_4010,19,F,INDIAN
part5_6009,20,F,CHINESE
part5_6010,20,F,CHINESE
part5_4011,40,M,CHINESE
part5_4012,37,M,CHINESE
part5_6011,19,F,CHINESE
part5_6012,19,F,CHINESE
part5_6013,19,F,CHINESE
part5_6014,20,M,CHINESE
part5_6017,19,F,CHINESE
part5_6018,22,M,CHINESE
part5_6019,30,M,CHINESE
part5_6020,27,F,CHINESE
part5_4013,27,M,CHINESE
part5_4014,26,M,CHINESE
part5_4015,21,M,CHINESE
part5_4016,21,M,CHINESE
part5_4017,20,F,CHINESE
part5_4018,20,F,CHINESE
part5_4019,19,F,CHINESE
part5_4020,20,F,CHINESE
part5_4021,20,F,CHINESE
part5_4022,20,F,CHINESE
part5_4023,20,F,CHINESE
part5_4024,20,F,CHINESE
part5_4025,20,F,CHINESE
part5_4026,20,F,CHINESE
part5_4029,26,F,CHINESE
part5_4030,26,M,CHINESE
part5_6015,19,F,CHINESE
part5_6016,19,F,CHINESE
part5_6021,20,F,CHINESE
part5_6022,20,F,CHINESE
part5_6023,30,M,CHINESE
part5_6024,37,M,CHINESE
part5_4031,36,F,CHINESE
part5_4032,38,F,CHINESE
part5_4033,22,M,MALAY
part5_4034,23,M,CHINESE
part5_4035,26,M,INDIAN
part5_4036,25,M,CHINESE
part5_4038,20,M,CHINESE
part5_4037,19,F,CHINESE
part5_4039,33,F,CHINESE
part5_4040,30,F,CHINESE
part5_4041,33,F,CHINESE
part5_4042,19,F,CHINESE
part5_4043,20,F,CHINESE
part5_4044,20,M,CHINESE
part5_4045,39,F,CHINESE
part5_4046,39,F,CHINESE
part5_4047,20,F,CHINESE
part5_4048,22,F,CHINESE
part5_4049,19,F,CHINESE
part5_4050,20,F,CHINESE
part5_4051,21,F,CHINESE
part5_4052,21,F,CHINESE
part5_4053,22,F,CHINESE
part5_4054,23,M,CHINESE
part5_4055,24,M,CHINESE
part5_4056,24,M,CHINESE
part5_4057,34,M,INDIAN
part5_4058,30,F,CHINESE
part5_6025,19,F,MALAY
part5_6026,20,F,CHINESE
part5_6027,20,F,CHINESE
part5_6028,19,F,INDIAN
part5_6029,21,M,CHINESE
part5_6030,19,F,CHINESE
part5_6031,20,F,CHINESE
part5_6032,21,F,CHINESE
part5_6033,22,M,CHINESE
part5_6034,22,M,CHINESE
part5_6035,18,F,CHINESE
part5_6036,18,F,CHINESE
part5_4059,21,M,CHINESE
part5_4060,20,F,CHINESE
part5_4061,22,F,CHINESE
part5_4062,22,M,CHINESE
part5_6037,22,F,CHINESE
part5_6038,23,M,CHINESE
part5_6039,20,F,CHINESE
part5_6040,21,F,CHINESE
part5_6043,31,M,CHINESE
part5_6044,29,M,CHINESE
part5_6045,19,M,CHINESE
part5_6046,20,M,CHINESE
part5_6047,31,F,CHINESE
part5_6048,31,M,CHINESE
part5_6049,47,F,CHINESE
part5_6050,53,F,CHINESE
part5_6051,24,F,INDIAN
part5_6052,26,F,INDIAN
part5_4081,21,M,CHINESE
part5_4082,21,M,CHINESE
part5_6053,22,F,CHINESE
part5_6054,23,F,CHINESE
part5_6055,21,F,CHINESE
part5_6056,20,F,CHINESE
part5_6057,19,F,CHINESE
part5_6058,19,F,CHINESE
part5_4065,20,F,MALAY
part5_4066,19,F,CHINESE
part5_4067,22,M,CHINESE
part5_4068,22,M,CHINESE
part5_4069,20,F,CHINESE
part5_4070,20,F,CHINESE
part5_4071,23,M,CHINESE
part5_4072,22,M,CHINESE
part5_4075,22,F,CHINESE
part5_4076,28,M,CHINESE
part5_4077,20,F,CHINESE
part5_4078,19,F,CHINESE
part5_4079,20,F,CHINESE
part5_4080,20,F,CHINESE
part5_4083,19,F,CHINESE
part5_4084,19,M,CHINESE
part5_4085,18,M,CHINESE
part5_4086,20,M,CHINESE
part5_4087,28,F,MALAY
part5_4088,31,M,MALAY
part5_4101,22,M,CHINESE
part5_4102,24,F,CHINESE
part5_4089,20,F,CHINESE
part5_4090,20,F,CHINESE
part5_4092,22,M,MALAY
part5_4091,20,F,CHINESE
part5_4093,40,F,CHINESE
part5_4094,40,M,CHINESE
part5_4095,20,M,CHINESE
part5_4096,20,M,CHINESE
part5_4097,20,M,CHINESE
part5_4098,21,M,CHINESE
part5_4099,37,M,CHINESE
part5_4100,39,M,CHINESE
part5_4103,20,F,CHINESE
part5_4104,22,M,CHINESE
part5_4105,18,F,CHINESE
part5_4107,19,F,CHINESE
part5_4108,19,F,CHINESE
part5_4109,20,M,CHINESE
part5_4110,19,M,CHINESE
part5_4111,41,F,CHINESE
part5_4112,34,M,CHINESE
part5_4113,39,F,CHINESE
part5_4114,39,F,CHINESE
part5_4116,22,M,CHINESE
part5_4115,21,F,CHINESE
part5_4117,21,M,INDIAN
part5_4118,23,M,INDIAN
part5_4119,47,M,CHINESE
part5_4120,47,M,CHINESE
part5_4121,28,M,CHINESE
part5_4122,23,F,CHINESE
part5_4125,40,F,CHINESE
part5_4126,44,F,CHINESE
part5_4129,38,F,CHINESE
part5_4130,29,M,CHINESE
part5_4131,19,F,CHINESE
part5_4132,22,M,CHINESE
part5_6059,23,F,CHINESE
part5_6060,24,M,CHINESE
part5_6061,21,F,INDIAN
part5_6062,20,F,INDIAN
part5_6063,24,M,INDIAN
part5_6064,23,M,INDIAN
part5_6065,24,F,CHINESE
part5_6066,23,F,CHINESE
part5_4073,28,F,CHINESE
part5_4074,27,M,INDIAN
part5_4123,23,M,CHINESE
part5_4124,23,M,CHINESE
part5_4127,32,M,CHINESE
part5_4128,30,M,CHINESE
part5_4133,31,F,CHINESE
part5_4134,29,F,CHINESE
part5_4135,27,F,CHINESE
part5_4136,29,F,CHINESE
part5_4137,35,M,CHINESE
part5_4138,27,M,CHINESE
part5_4139,22,M,CHINESE
part5_4140,22,M,CHINESE
part5_4141,34,F,CHINESE
part5_4142,34,F,CHINESE
part5_4143,55,F,CHINESE
part5_4144,46,F,MALAY
part5_4145,27,M,CHINESE
part5_4146,25,F,CHINESE
part5_6067,42,F,CHINESE
part5_6068,34,F,CHINESE
part5_6069,21,F,INDIAN
part5_6070,22,F,INDIAN
part5_6071,38,F,CHINESE
part5_6072,31,M,CHINESE
part5_6073,20,M,CHINESE
part5_6074,20,F,CHINESE
part5_6075,19,F,CHINESE
part5_6076,18,F,CHINESE
part5_4147,51,M,INDIAN
part5_4148,53,M,INDIAN
part5_4149,18,F,CHINESE
part5_4150,18,F,CHINESE
part5_4151,25,M,CHINESE
part5_4152,24,M,CHINESE
part5_4153,25,F,MALAY
part5_4154,25,M,CHINESE
part5_4155,37,F,CHINESE
part5_4156,38,F,CHINESE
part5_4157,31,F,CHINESE
part5_4158,32,F,CHINESE
part5_4159,24,F,CHINESE
part5_4160,25,M,CHINESE
part5_6077,43,M,CHINESE
part5_6078,36,F,CHINESE
part5_6079,27,M,CHINESE
part5_6080,23,M,CHINESE
part5_6081,19,F,CHINESE
part5_6082,20,F,CHINESE
part5_6083,21,F,CHINESE
part5_6084,20,F,CHINESE
part5_6085,39,F,CHINESE
part5_6086,36,F,INDIAN
part5_6087,27,F,CHINESE
part5_6088,27,M,CHINESE
part5_6089,19,F,CHINESE
part5_6090,19,F,CHINESE
part5_4161,22,F,MALAY
part5_4162,23,M,CHINESE
part5_4163,20,M,CHINESE
part5_4164,19,M,CHINESE
part5_4165,31,F,CHINESE
part5_4166,31,F,CHINESE
part5_4167,46,F,CHINESE
part5_4168,51,F,CHINESE
part5_4169,24,F,MALAY
part5_4170,23,M,MALAY
part5_4171,22,F,MALAY
part5_4172,21,F,MALAY
part5_4173,25,F,CHINESE
part5_4174,26,F,CHINESE
part5_4175,22,F,CHINESE
part5_4176,24,M,CHINESE
part5_4177,35,F,CHINESE
part5_4178,39,F,CHINESE
part5_4179,26,M,CHINESE
part5_4180,24,F,CHINESE
part5_4181,19,F,INDIAN
part5_4182,19,F,INDIAN
part5_4183,22,F,MALAY
part5_4184,21,F,MALAY
part5_4185,63,F,CHINESE
part5_4186,55,F,CHINESE
part5_4187,28,M,CHINESE
part5_4188,29,M,CHINESE
part5_4197,22,M,INDIAN
part5_4198,23,M,CHINESE
part5_6093,35,M,MALAY
part5_6094,35,M,MALAY
part5_6095,50,M,CHINESE
part5_6096,41,M,MALAY
part5_6097,23,F,CHINESE
part5_6098,23,F,CHINESE
part5_4189,20,F,CHINESE
part5_4190,20,F,CHINESE
part5_4191,25,M,CHINESE
part5_4192,26,M,CHINESE
part5_4193,35,F,CHINESE
part5_4194,38,F,CHINESE
part5_4195,30,M,CHINESE
part5_4196,30,M,CHINESE
part5_4199,31,F,MALAY
part5_4200,20,M,MALAY
part5_6099,23,M,INDIAN
part5_6100,23,M,INDIAN
part5_4201,22,M,CHINESE
part5_4202,22,M,CHINESE
part5_4203,19,F,INDIAN
part5_4204,19,F,INDIAN
part5_4205,24,M,CHINESE
part5_4206,21,F,CHINESE
part5_4207,54,F,CHINESE
part5_4208,49,F,CHINESE
part5_4209,21,F,INDIAN
part5_4210,24,F,INDIAN
part5_6101,31,F,MALAY
part5_6102,34,M,MALAY
part5_6104,31,M,CHINESE
part5_6103,31,F,CHINESE
part5_6105,62,M,CHINESE
part5_6107,20,M,CHINESE
part5_6197,19,M,CHINESE
part5_6109,26,M,CHINESE
part5_6110,22,F,CHINESE
part5_6113,38,F,CHINESE
part5_6114,38,F,CHINESE
part5_6106,29,F,CHINESE
part5_4211,38,F,CHINESE
part5_4212,41,F,CHINESE
part5_4213,23,M,CHINESE
part5_4214,23,M,CHINESE
part5_4215,28,M,CHINESE
part5_4216,28,M,CHINESE
part5_4217,34,M,CHINESE
part5_4218,39,M,CHINESE
part5_4219,34,F,CHINESE
part5_4220,36,M,CHINESE
part5_4221,34,F,CHINESE
part5_4222,39,F,CHINESE
part5_4223,21,M,CHINESE
part5_4224,21,F,CHINESE
part5_4225,27,M,CHINESE
part5_4226,25,F,MALAY
part5_4227,31,M,CHINESE
part5_4228,26,F,CHINESE
part5_4229,65,F,CHINESE
part5_4230,62,M,CHINESE
part5_4231,24,F,CHINESE
part5_4232,23,F,CHINESE
part5_4233,25,M,CHINESE
part5_4234,23,F,CHINESE
part5_4235,25,F,CHINESE
part5_4236,25,F,CHINESE
part5_4237,24,F,CHINESE
part5_4238,25,M,CHINESE
part5_4239,19,F,CHINESE
part5_4240,18,F,CHINESE
part5_4241,24,F,CHINESE
part5_4242,24,M,CHINESE
part5_6117,37,M,INDIAN
part5_6118,33,M,INDIAN
part5_6119,31,F,CHINESE
part5_6120,35,M,CHINESE
part5_4489,34,M,CHINESE
part5_4490,35,M,MALAY
part5_4491,45,F,CHINESE
part5_4492,43,F,CHINESE
part5_4493,31,F,CHINESE
part5_4494,33,F,CHINESE
part5_4495,32,F,INDIAN
part5_4496,38,M,CHINESE
part5_4497,23,F,CHINESE
part5_4498,28,M,CHINESE
part5_4499,30,F,MALAY
part5_4500,31,F,MALAY
part5_4501,26,F,CHINESE
part5_4502,27,F,CHINESE
part5_4503,60,F,CHINESE
part5_4504,65,F,CHINESE
part5_4505,24,M,CHINESE
part5_4506,22,M,CHINESE
part5_4507,31,F,CHINESE
part5_4508,32,F,CHINESE
part5_4509,51,F,CHINESE
part5_4510,51,F,CHINESE
part5_4511,31,F,CHINESE
part5_4512,25,F,CHINESE
part5_4515,37,F,CHINESE
part5_4516,37,M,CHINESE
part5_4517,45,M,INDIAN
part5_4518,47,M,INDIAN
part5_4519,22,F,CHINESE
part5_4520,22,F,CHINESE
part5_4521,25,M,CHINESE
part5_4522,26,M,CHINESE
part5_4523,50,F,CHINESE
part5_4524,47,F,CHINESE
part5_4525,20,M,CHINESE
part5_4526,20,M,MALAY
part5_6283,22,F,CHINESE
part5_6284,24,M,CHINESE
part5_6285,22,F,CHINESE
part5_6286,22,M,CHINESE
part5_6287,31,M,INDIAN
part5_6288,31,M,MALAY
part5_6289,29,M,CHINESE
part5_6290,29,M,CHINESE
part5_6291,31,F,CHINESE
part5_6292,31,M,CHINESE
part5_6293,25,F,CHINESE
part5_6294,27,M,CHINESE
part5_4527,29,M,CHINESE
part5_4528,29,M,CHINESE
part5_4529,31,F,CHINESE
part5_4530,29,F,CHINESE
part5_4531,25,M,CHINESE
part5_4532,26,M,CHINESE
part5_4533,23,M,CHINESE
part5_4534,22,M,CHINESE
part5_4535,40,F,CHINESE
part5_4536,46,F,CHINESE
part5_4537,31,F,CHINESE
part5_4538,32,F,CHINESE
part5_4539,34,M,CHINESE
part5_4540,34,M,CHINESE
part5_4541,23,M,CHINESE
part5_4542,21,M,CHINESE
part5_4543,25,F,MALAY
part5_4544,26,M,CHINESE
part5_5503,36,F,CHINESE
part5_5504,37,F,CHINESE
part5_6295,21,F,MALAY
part5_6296,22,F,INDIAN
part5_6297,23,M,CHINESE
part5_6298,23,M,CHINESE
part5_6299,33,M,CHINESE
part5_6300,29,F,CHINESE
part5_4243,45,F,CHINESE
part5_4244,40,F,CHINESE
part5_4245,22,M,CHINESE
part5_4246,23,M,CHINESE
part5_4247,49,F,CHINESE
part5_4248,44,F,CHINESE
part5_4249,40,F,CHINESE
part5_4250,37,F,CHINESE
part5_4251,34,F,CHINESE
part5_4252,33,M,CHINESE
part5_4253,29,M,CHINESE
part5_4254,31,F,CHINESE
part5_4255,38,M,CHINESE
part5_4256,38,M,CHINESE
part5_4257,36,F,CHINESE
part5_4258,39,M,INDIAN
part5_4259,37,M,CHINESE
part5_4260,28,F,CHINESE
part5_4261,24,M,MALAY
part5_4262,24,M,INDIAN
part5_4263,25,M,CHINESE
part5_4264,25,M,CHINESE
part5_4265,29,M,CHINESE
part5_4266,28,M,CHINESE
part5_6121,24,M,CHINESE
part5_6122,23,M,CHINESE
part5_6123,44,M,CHINESE
part5_6124,39,M,CHINESE
part5_6127,48,F,CHINESE
part5_6128,22,F,CHINESE
part5_6129,27,M,CHINESE
part5_6130,27,M,CHINESE
part5_6131,30,M,CHINESE
part5_6132,31,F,CHINESE
part5_4267,36,M,CHINESE
part5_4268,46,M,CHINESE
part5_4269,56,F,CHINESE
part5_4270,48,M,CHINESE
part5_4271,36,F,CHINESE
part5_4272,31,F,CHINESE
part5_4273,23,M,CHINESE
part5_4274,24,M,CHINESE
part5_4275,47,M,CHINESE
part5_4276,35,F,CHINESE
part5_4277,22,M,CHINESE
part5_4278,23,M,CHINESE
part5_4279,21,M,CHINESE
part5_4280,21,M,CHINESE
part5_4281,42,F,CHINESE
part5_4282,64,F,CHINESE
part5_4283,22,F,CHINESE
part5_4284,21,M,CHINESE
part5_4285,31,M,CHINESE
part5_4286,31,M,CHINESE
part5_4287,26,M,CHINESE
part5_4288,23,M,CHINESE
part5_4289,31,F,CHINESE
part5_4290,32,F,CHINESE
part5_4321,60,F,CHINESE
part5_4322,58,F,CHINESE
part5_6135,47,M,CHINESE
part5_6136,47,F,CHINESE
part5_6137,31,M,CHINESE
part5_6138,31,M,CHINESE
part5_7139,20,M,CHINESE
part5_7140,37,M,CHINESE
part5_4291,19,F,INDIAN
part5_4292,19,F,MALAY
part5_4293,21,F,CHINESE
part5_4294,22,M,CHINESE
part5_4295,24,F,CHINESE
part5_4296,24,F,CHINESE
part5_4297,26,M,CHINESE
part5_4298,25,M,CHINESE
part5_4299,36,F,CHINESE
part5_4300,32,M,CHINESE
part5_6141,29,M,CHINESE
part5_6142,29,M,CHINESE
part5_4303,31,M,CHINESE
part5_4304,31,M,CHINESE
part5_4305,27,M,CHINESE
part5_4306,27,F,CHINESE
part5_4307,26,M,CHINESE
part5_4308,23,F,CHINESE
part5_4309,42,F,CHINESE
part5_4310,41,F,CHINESE
part5_6133,23,F,CHINESE
part5_6134,23,M,CHINESE
part5_6143,24,M,CHINESE
part5_6144,24,M,CHINESE
part5_6145,23,M,CHINESE
part5_6146,23,M,CHINESE
part5_6147,45,F,CHINESE
part5_6148,47,F,CHINESE
part5_6149,18,F,MALAY
part5_6150,19,M,CHINESE
part5_6151,33,M,CHINESE
part5_6152,34,M,CHINESE
part5_6169,27,M,CHINESE
part5_6170,31,M,CHINESE
part5_4311,31,M,CHINESE
part5_4312,34,M,MALAY
part5_4313,25,F,CHINESE
part5_4314,40,F,CHINESE
part5_4315,21,M,CHINESE
part5_4316,21,M,CHINESE
part5_4317,22,F,CHINESE
part5_4318,23,F,CHINESE
part5_4319,23,M,CHINESE
part5_4320,23,F,CHINESE
part5_4323,34,F,CHINESE
part5_4324,42,F,CHINESE
part5_4325,29,F,INDIAN
part5_4326,28,F,INDIAN
part5_4327,42,F,CHINESE
part5_4328,37,F,CHINESE
part5_4329,27,M,CHINESE
part5_4330,26,M,CHINESE
part5_6153,29,M,CHINESE
part5_6154,32,M,CHINESE
part5_6155,28,F,CHINESE
part5_6156,29,F,CHINESE
part5_6157,22,M,CHINESE
part5_6158,22,M,INDIAN
part5_6159,26,F,CHINESE
part5_6160,31,M,CHINESE
part5_6161,41,M,CHINESE
part5_6162,36,M,CHINESE
part5_6163,30,F,MALAY
part5_6164,23,F,MALAY
part5_6165,23,M,CHINESE
part5_6166,23,M,INDIAN
part5_6167,35,F,CHINESE
part5_6168,38,M,CHINESE
part5_4331,41,M,CHINESE
part5_4332,40,F,CHINESE
part5_4333,27,F,CHINESE
part5_4334,32,M,CHINESE
part5_4335,39,F,CHINESE
part5_4336,48,F,CHINESE
part5_6171,37,F,CHINESE
part5_6172,39,F,CHINESE
part5_4337,35,M,CHINESE
part5_4338,34,M,CHINESE
part5_6173,24,F,CHINESE
part5_6174,22,F,CHINESE
part5_4345,38,M,CHINESE
part5_4346,38,M,CHINESE
part5_4347,18,M,CHINESE
part5_4348,18,F,CHINESE
part5_4349,24,F,INDIAN
part5_4350,25,M,INDIAN
part5_4351,25,M,CHINESE
part5_4352,26,M,CHINESE
part5_4353,37,M,CHINESE
part5_4354,37,M,CHINESE
part5_4355,19,F,CHINESE
part5_4356,18,F,CHINESE
part5_4357,32,F,CHINESE
part5_4358,31,F,CHINESE
part5_5505,25,F,CHINESE
part5_5506,25,M,CHINESE
part5_6179,40,F,CHINESE
part5_6180,40,F,CHINESE
part5_6181,33,F,MALAY
part5_6182,30,F,MALAY
part5_6185,20,F,CHINESE
part5_6186,19,M,CHINESE
part5_6187,33,F,INDIAN
part5_6188,40,F,INDIAN
part5_6189,24,F,CHINESE
part5_6190,25,M,CHINESE
part5_6303,31,F,CHINESE
part5_6304,31,F,CHINESE
part5_4545,30,F,CHINESE
part5_4546,32,F,CHINESE
part5_4547,46,F,CHINESE
part5_4548,48,F,CHINESE
part5_4549,23,M,CHINESE
part5_4550,23,M,CHINESE
part5_4551,24,M,CHINESE
part5_4552,24,F,CHINESE
part5_4553,37,F,CHINESE
part5_4554,46,F,CHINESE
part5_4555,18,F,CHINESE
part5_4556,18,F,CHINESE
part5_4557,52,F,CHINESE
part5_4558,46,F,CHINESE
part5_6301,32,M,CHINESE
part5_6302,32,M,CHINESE
part5_6305,19,M,CHINESE
part5_6306,20,M,CHINESE
part5_6307,23,F,INDIAN
part5_6308,22,F,INDIAN
part5_6309,19,F,CHINESE
part5_6310,19,F,CHINESE
part5_4359,47,F,CHINESE
part5_4360,46,M,CHINESE
part5_4361,24,F,CHINESE
part5_4362,25,M,CHINESE
part5_4363,23,M,CHINESE
part5_4364,23,M,CHINESE
part5_4365,58,F,CHINESE
part5_4366,54,M,CHINESE
part5_4367,23,F,CHINESE
part5_4368,24,M,CHINESE
part5_4369,21,M,CHINESE
part5_4370,20,F,CHINESE
part5_4371,31,F,CHINESE
part5_4372,30,F,CHINESE
part5_4373,23,F,CHINESE
part5_4374,20,F,CHINESE
part5_4375,25,F,CHINESE
part5_4376,25,M,CHINESE
part5_4377,20,M,INDIAN
part5_4378,20,M,INDIAN
part5_4379,34,F,INDIAN
part5_4380,30,M,INDIAN
part5_4381,35,F,CHINESE
part5_4382,37,F,MALAY
part5_6183,46,M,CHINESE
part5_6184,46,M,CHINESE
part5_6191,23,M,CHINESE
part5_6192,22,F,CHINESE
part5_6193,20,F,CHINESE
part5_6194,18,F,CHINESE
part5_6195,30,M,CHINESE
part5_6196,29,F,CHINESE
part5_6198,27,M,CHINESE
part5_4383,31,F,CHINESE
part5_4384,31,M,CHINESE
part5_4385,37,F,CHINESE
part5_4386,52,F,CHINESE
part5_4387,30,F,CHINESE
part5_4388,32,F,CHINESE
part5_4391,23,M,CHINESE
part5_4392,24,M,CHINESE
part5_4393,26,M,CHINESE
part5_4394,26,F,CHINESE
part5_5509,22,M,CHINESE
part5_5510,21,M,CHINESE
part5_6201,35,M,CHINESE
part5_6202,35,M,CHINESE
part5_6203,19,M,MALAY
part5_6204,18,F,CHINESE
part5_6205,19,M,CHINESE
part5_6206,20,M,CHINESE
part5_6207,32,M,CHINESE
part5_6208,37,M,CHINESE
part5_6209,23,M,CHINESE
part5_6210,23,F,CHINESE
part5_6211,19,M,MALAY
part5_6212,19,F,CHINESE
part5_6213,26,F,INDIAN
part5_6214,29,M,INDIAN
part5_4395,22,M,CHINESE
part5_4396,21,M,CHINESE
part5_4397,30,F,CHINESE
part5_4398,31,F,INDIAN
part5_4399,20,M,CHINESE
part5_4400,20,M,CHINESE
part5_4401,33,F,CHINESE
part5_4402,33,F,CHINESE
part5_4403,28,F,CHINESE
part5_4404,25,M,CHINESE
part5_4405,49,M,CHINESE
part5_4406,49,F,CHINESE
part5_4407,31,M,CHINESE
part5_4408,30,F,CHINESE
part5_4409,52,F,CHINESE
part5_4410,52,F,CHINESE
part5_4411,49,F,CHINESE
part5_4412,55,F,CHINESE
part5_4413,32,M,CHINESE
part5_4415,27,F,MALAY
part5_4416,27,M,MALAY
part5_6199,25,M,CHINESE
part5_6200,25,F,CHINESE
part5_6215,47,F,CHINESE
part5_6216,50,M,CHINESE
part5_6217,27,F,CHINESE
part5_6218,28,M,CHINESE
part5_6219,22,F,MALAY
part5_6220,21,F,INDIAN
part5_6221,23,M,CHINESE
part5_6222,22,M,CHINESE
part5_6223,25,M,CHINESE
part5_6224,23,M,CHINESE
part5_6225,22,F,CHINESE
part5_6226,21,M,CHINESE
part5_4417,49,F,CHINESE
part5_4418,40,F,CHINESE
part5_4419,33,M,CHINESE
part5_4420,33,F,CHINESE
part5_4421,23,M,CHINESE
part5_4422,24,M,CHINESE
part5_4423,24,M,CHINESE
part5_4424,25,M,CHINESE
part5_4425,32,M,CHINESE
part5_4426,32,M,CHINESE
part5_4427,29,M,MALAY
part5_4428,30,M,MALAY
part5_4429,27,F,CHINESE
part5_4430,32,M,CHINESE
part5_4431,25,M,MALAY
part5_4432,22,F,MALAY
part5_6227,22,M,INDIAN
part5_6228,22,M,CHINESE
part5_6229,54,F,CHINESE
part5_6230,49,F,CHINESE
part5_4433,26,M,CHINESE
part5_4434,26,F,CHINESE
part5_4435,47,F,CHINESE
part5_4436,46,F,CHINESE
part5_4437,44,F,CHINESE
part5_4438,46,F,CHINESE
part5_4439,18,M,CHINESE
part5_4440,18,M,CHINESE
part5_4441,20,F,INDIAN
part5_4442,19,F,MALAY
part5_4443,22,M,CHINESE
part5_4444,22,F,CHINESE
part5_4445,28,M,INDIAN
part5_4446,29,M,INDIAN
part5_4447,32,M,CHINESE
part5_4448,31,M,CHINESE
part5_6231,25,M,CHINESE
part5_6232,25,F,CHINESE
part5_6233,25,M,CHINESE
part5_6234,25,M,CHINESE
part5_6235,33,F,CHINESE
part5_6236,39,M,CHINESE
part5_6237,39,F,INDIAN
part5_6238,38,M,INDIAN
part5_6239,22,M,CHINESE
part5_6240,23,M,CHINESE
part5_6241,39,M,CHINESE
part5_6242,43,M,CHINESE
part5_4449,38,F,MALAY
part5_4450,36,F,MALAY
part5_4451,46,M,INDIAN
part5_4452,56,F,INDIAN
part5_6243,24,M,CHINESE
part5_6244,24,M,CHINESE
part5_6245,37,F,MALAY
part5_6246,38,F,MALAY
part5_4453,21,F,CHINESE
part5_4454,22,F,CHINESE
part5_4457,25,M,CHINESE
part5_4458,25,M,CHINESE
part5_4485,30,F,CHINESE
part5_4486,29,F,CHINESE
part5_6247,19,F,INDIAN
part5_6248,22,F,INDIAN
part5_6249,47,M,CHINESE
part5_6250,52,M,CHINESE
part5_6251,23,F,CHINESE
part5_6252,25,M,CHINESE
part5_6253,33,M,CHINESE
part5_6254,39,M,CHINESE
part5_6255,50,F,INDIAN
part5_6256,61,M,INDIAN
part5_6257,20,F,MALAY
part5_6258,19,F,MALAY
part5_6259,29,M,INDIAN
part5_6260,27,F,CHINESE
part5_6281,32,M,CHINESE
part5_6282,35,M,CHINESE
part5_4459,44,F,MALAY
part5_4460,44,M,MALAY
part5_4461,21,M,MALAY
part5_4462,20,F,MALAY
part5_4463,23,F,CHINESE
part5_4464,22,M,CHINESE
part5_4465,28,M,MALAY
part5_4466,27,M,CHINESE
part5_4467,26,M,CHINESE
part5_4468,25,M,CHINESE
part5_4469,27,F,MALAY
part5_4470,27,F,CHINESE
part5_4471,40,M,CHINESE
part5_4472,42,M,CHINESE
part5_6261,21,M,CHINESE
part5_6262,21,M,CHINESE
part5_6263,22,M,CHINESE
part5_6264,21,M,CHINESE
part5_6265,22,F,MALAY
part5_6266,25,M,MALAY
part5_6267,28,M,CHINESE
part5_6268,27,F,CHINESE
part5_6269,20,M,INDIAN
part5_6270,20,M,INDIAN
part5_6271,20,F,CHINESE
part5_6272,23,F,CHINESE
part5_6273,44,F,MALAY
part5_6274,39,F,MALAY
part5_4473,25,F,CHINESE
part5_4474,27,M,CHINESE
part5_4475,35,F,CHINESE
part5_4476,36,F,CHINESE
part5_4477,23,M,MALAY
part5_4478,22,M,CHINESE
part5_4479,24,M,CHINESE
part5_4480,26,M,CHINESE
part5_4481,32,M,MALAY
part5_4482,26,M,MALAY
part5_4483,26,F,INDIAN
part5_4484,22,F,INDIAN
part5_6275,35,F,CHINESE
part5_6276,36,F,CHINESE
part5_6277,51,M,INDIAN
part5_6278,22,F,INDIAN
part5_6279,23,M,CHINESE
part5_6280,23,M,MALAY
part5_6311,33,M,MALAY
part5_6312,34,M,MALAY
part5_6313,26,F,CHINESE
part5_6314,30,M,CHINESE
part5_6315,33,M,INDIAN
part5_6316,35,F,INDIAN
part5_4559,56,F,CHINESE
part5_4560,40,F,CHINESE
part5_4561,52,F,CHINESE
part5_4562,44,F,CHINESE
part5_4563,20,F,INDIAN
part5_4564,22,F,INDIAN
part5_4565,23,M,CHINESE
part5_4566,23,M,CHINESE
part5_4567,47,F,CHINESE
part5_4568,52,F,CHINESE
part5_4569,29,M,CHINESE
part5_4570,28,F,CHINESE
part5_4571,23,F,CHINESE
part5_4572,24,F,CHINESE
part5_6317,48,F,CHINESE
part5_6318,48,M,CHINESE
part5_6319,42,F,CHINESE
part5_6320,41,F,CHINESE
part5_6321,19,M,CHINESE
part5_6322,19,M,CHINESE
part5_6323,44,F,MALAY
part5_6324,44,F,MALAY
part5_6325,35,F,INDIAN
part5_6326,36,F,INDIAN
part5_6327,18,F,INDIAN
part5_6328,19,M,INDIAN
part5_6329,27,M,CHINESE
part5_6330,35,F,INDIAN
part5_6331,29,M,CHINESE
part5_6332,19,M,CHINESE
part5_6333,52,F,INDIAN
part5_6334,53,M,INDIAN
part5_4575,22,M,CHINESE
part5_4576,22,M,CHINESE
part5_4577,34,M,CHINESE
part5_4578,22,F,CHINESE
part5_4579,20,F,MALAY
part5_4580,20,F,MALAY
part5_4581,33,M,CHINESE
part5_4582,34,M,CHINESE
part5_4583,27,F,CHINESE
part5_4584,27,F,CHINESE
part5_4585,47,M,CHINESE
part5_4586,51,F,CHINESE
part5_4587,35,M,CHINESE
part5_4588,39,F,CHINESE
part5_4589,34,F,MALAY
part5_4590,26,M,MALAY
part5_6335,18,F,CHINESE
part5_6336,18,F,CHINESE
part5_6337,25,F,CHINESE
part5_6338,32,F,CHINESE
part5_6339,20,F,CHINESE
part5_6340,20,M,CHINESE
part5_6341,26,F,INDIAN
part5_6342,25,M,INDIAN
part5_4591,34,F,MALAY
part5_4592,35,M,MALAY
part5_4593,61,F,CHINESE
part5_4594,61,F,CHINESE
part5_4595,28,M,CHINESE
part5_4596,28,F,CHINESE
part5_4597,26,F,CHINESE
part5_4598,24,F,CHINESE
part5_6125,44,F,CHINESE
part5_6126,40,F,CHINESE
part5_6343,32,M,MALAY
part5_6344,33,M,MALAY
part5_6345,39,F,CHINESE
part5_6346,38,M,CHINESE
part5_4599,25,M,CHINESE
part5_4600,23,M,CHINESE
part5_4601,57,F,CHINESE
part5_4602,64,F,CHINESE
part5_4603,49,F,CHINESE
part5_4604,54,M,INDIAN
part5_4605,19,M,CHINESE
part5_4606,18,M,CHINESE
part5_6347,20,M,CHINESE
part5_6348,20,M,CHINESE
part5_6349,23,M,INDIAN
part5_6350,26,M,INDIAN
part5_4607,54,F,CHINESE
part5_4608,57,F,CHINESE
part5_6351,22,F,MALAY
part5_6352,22,F,MALAY
part5_6353,44,F,MALAY
part5_6354,31,F,MALAY
part5_6355,20,F,CHINESE
part5_6356,19,F,CHINESE
part5_6357,29,M,CHINESE
part5_6358,27,F,CHINESE
part5_6359,19,M,INDIAN
part5_6360,20,M,INDIAN
part5_4609,27,F,CHINESE
part5_4610,21,M,CHINESE
part5_6361,55,F,CHINESE
part5_6362,49,F,CHINESE
part5_6363,32,M,INDIAN
part5_6364,25,F,CHINESE
part5_6365,24,M,INDIAN
part5_6366,23,M,INDIAN
part5_4613,56,M,CHINESE
part5_4614,54,M,CHINESE
part5_4615,32,F,CHINESE
part5_4616,34,F,CHINESE
part5_4617,51,F,CHINESE
part5_4618,29,F,CHINESE
part5_4619,19,M,CHINESE
part5_4620,19,M,CHINESE
part5_4621,27,F,CHINESE
part5_4622,35,F,CHINESE
part5_4623,47,F,CHINESE
part5_4624,47,F,CHINESE
part5_4625,18,F,CHINESE
part5_4626,19,F,CHINESE
part5_6367,22,F,CHINESE
part5_6368,24,F,CHINESE
part5_6369,39,F,INDIAN
part5_6370,64,F,INDIAN
part5_6371,42,M,CHINESE
part5_6372,43,M,CHINESE
part5_6373,32,M,CHINESE
part5_6374,27,F,CHINESE
part5_6375,27,F,CHINESE
part5_6376,36,F,CHINESE
part5_6377,62,F,CHINESE
part5_6378,63,F,CHINESE
part5_6379,65,F,CHINESE
part5_6380,35,F,CHINESE
part5_6385,19,F,CHINESE
part5_6386,19,F,CHINESE
part5_4627,50,M,CHINESE
part5_4628,52,M,CHINESE
part5_4629,35,F,CHINESE
part5_4630,43,F,CHINESE
part5_6381,31,M,CHINESE
part5_6382,30,F,CHINESE
part5_6383,21,M,CHINESE
part5_6384,20,M,CHINESE
part5_6387,19,M,CHINESE
part5_6388,20,M,CHINESE
part5_6389,22,M,INDIAN
part5_6390,21,M,INDIAN
part5_4631,24,M,MALAY
part5_4632,23,M,MALAY
part5_4633,40,M,CHINESE
part5_4634,32,F,CHINESE
part5_4635,26,M,MALAY
part5_4636,25,F,MALAY
part5_4637,33,F,CHINESE
part5_4638,47,F,CHINESE
part5_4639,48,F,CHINESE
part5_4640,49,F,CHINESE
part5_4641,24,F,INDIAN
part5_4642,25,F,MALAY
part5_4645,52,F,MALAY
part5_4646,55,F,MALAY
part5_6391,33,F,CHINESE
part5_6392,29,F,CHINESE
part5_6393,27,F,CHINESE
part5_6394,28,M,CHINESE
part5_6395,39,F,CHINESE
part5_6396,39,F,CHINESE
part5_6397,19,F,INDIAN
part5_6398,19,M,INDIAN
part5_4643,48,F,CHINESE
part5_4644,18,M,CHINESE
part5_4647,28,M,MALAY
part5_4648,28,F,MALAY
part5_4649,21,M,CHINESE
part5_4650,22,M,CHINESE
part5_4651,32,F,CHINESE
part5_4652,31,F,CHINESE
part5_6399,24,F,CHINESE
part5_6400,22,F,MALAY
part5_6401,30,M,CHINESE
part5_6402,41,M,CHINESE
part5_6403,31,M,INDIAN
part5_6404,28,M,INDIAN
part5_6405,61,F,CHINESE
part5_6406,58,F,CHINESE
part5_6407,39,F,CHINESE
part5_6408,40,F,CHINESE
part5_6409,34,F,MALAY
part5_6410,34,F,CHINESE
part5_6411,26,F,CHINESE
part5_6412,27,M,CHINESE
part5_6413,51,F,CHINESE
part5_6414,50,F,CHINESE
part5_4653,20,F,INDIAN
part5_4654,20,M,INDIAN
part5_4655,20,M,CHINESE
part5_4656,20,M,CHINESE
part5_6415,34,M,INDIAN
part5_6416,30,M,INDIAN
part5_6417,35,M,MALAY
part5_6418,30,M,MALAY
part5_6419,57,F,CHINESE
part5_6420,52,M,CHINESE
part5_6421,35,F,MALAY
part5_6422,36,F,MALAY
part5_4657,29,M,INDIAN
part5_4658,29,F,MALAY
part5_4659,43,F,CHINESE
part5_4660,39,M,CHINESE
part5_4661,23,F,INDIAN
part5_4662,24,F,INDIAN
part5_6423,38,F,CHINESE
part5_6424,37,M,CHINESE
part5_6425,37,F,CHINESE
part5_6426,39,M,CHINESE
part5_6427,19,F,CHINESE
part5_6428,19,M,CHINESE
part5_6429,21,M,MALAY
part5_6430,26,M,MALAY
part5_6431,33,F,MALAY
part5_6432,32,M,MALAY
part5_4663,53,F,CHINESE
part5_4664,56,M,CHINESE
part5_4665,40,F,MALAY
part5_4666,39,M,MALAY
part5_4667,53,F,CHINESE
part5_4668,52,F,CHINESE
part5_6433,28,F,MALAY
part5_6434,31,M,INDIAN
part5_6435,25,F,MALAY
part5_6436,25,F,CHINESE
part5_6437,49,M,CHINESE
part5_6438,48,F,CHINESE
part5_6439,41,F,CHINESE
part5_6440,39,M,CHINESE
part5_6441,21,M,INDIAN
part5_6442,22,M,INDIAN
part5_4669,42,M,CHINESE
part5_4670,46,M,CHINESE
part5_4671,32,M,MALAY
part5_4672,32,F,MALAY
part5_4673,25,F,CHINESE
part5_4674,22,F,CHINESE
part5_4675,37,F,CHINESE
part5_4676,34,F,CHINESE
part5_4677,18,F,CHINESE
part5_4678,20,M,CHINESE
part5_4679,47,F,CHINESE
part5_4680,52,F,CHINESE
part5_4681,58,F,CHINESE
part5_4682,58,M,CHINESE
part5_6443,43,F,CHINESE
part5_6444,37,F,CHINESE
part5_6445,19,F,CHINESE
part5_6446,19,F,CHINESE
part5_6447,28,F,CHINESE
part5_6448,28,F,CHINESE
part5_6449,34,M,CHINESE
part5_6450,61,F,CHINESE
part5_4683,54,F,CHINESE
part5_4684,57,F,CHINESE
part5_4685,44,M,CHINESE
part5_4686,41,M,CHINESE
part5_4687,24,F,MALAY
part5_4688,21,F,MALAY
part5_4689,19,M,MALAY
part5_4690,19,M,INDIAN
part5_4691,25,F,INDIAN
part5_4692,19,F,INDIAN
part5_4693,23,F,CHINESE
part5_4694,24,F,CHINESE
part5_4695,54,F,CHINESE
part5_4696,62,F,CHINESE
part5_4697,31,M,CHINESE
part5_4698,30,F,CHINESE
part5_4699,57,F,CHINESE
part5_4700,61,M,CHINESE
part5_6451,46,M,INDIAN
part5_6452,40,F,MALAY
part5_6453,26,F,INDIAN
part5_6454,24,F,INDIAN
part5_6455,27,M,MALAY
part5_6456,25,M,MALAY
part5_6457,21,F,MALAY
part5_6458,21,F,MALAY
part5_6459,19,M,CHINESE
part5_6460,18,M,CHINESE
part5_6461,29,F,CHINESE
part5_6462,27,M,CHINESE
part5_6463,26,M,INDIAN
part5_6464,30,M,INDIAN
part5_6465,26,M,CHINESE
part5_6466,24,F,CHINESE
part5_6467,28,M,CHINESE
part5_6468,27,M,CHINESE
part5_6469,28,F,CHINESE
part5_6470,28,F,CHINESE
part5_6471,44,F,CHINESE
part5_6472,48,F,CHINESE
part5_4701,26,F,MALAY
part5_4702,25,M,MALAY
part5_4703,23,F,CHINESE
part5_4704,25,F,CHINESE
part5_4705,18,F,CHINESE
part5_4706,18,F,CHINESE
part5_4707,18,F,CHINESE
part5_4708,20,M,CHINESE
part5_4709,57,M,CHINESE
part5_4710,61,M,CHINESE
part5_4711,33,F,CHINESE
part5_4712,26,F,CHINESE
part5_4713,30,F,CHINESE
part5_4714,33,M,CHINESE
part5_4715,24,M,CHINESE
part5_4716,28,F,CHINESE
part5_4717,47,F,CHINESE
part5_4718,55,F,CHINESE
part5_4719,59,F,CHINESE
part5_4720,62,F,CHINESE
part5_6473,44,F,CHINESE
part5_6474,44,F,CHINESE
part5_6475,28,M,CHINESE
part5_6476,25,M,MALAY
part5_4721,37,F,CHINESE
part5_4722,37,F,CHINESE
part5_6477,19,F,CHINESE
part5_6478,19,F,CHINESE
part5_4723,22,M,INDIAN
part5_4724,22,M,INDIAN
part5_4725,48,F,CHINESE
part5_4726,53,M,CHINESE
part5_4727,18,F,CHINESE
part5_4728,18,F,CHINESE
part5_4729,55,F,CHINESE
part5_4730,61,F,CHINESE
part5_4731,36,F,CHINESE
part5_4732,33,F,CHINESE
part5_4733,26,F,CHINESE
part5_4734,28,F,CHINESE
part5_4735,64,F,CHINESE
part5_4736,63,F,CHINESE
part5_4737,51,F,CHINESE
part5_4738,53,F,CHINESE
part5_4739,19,F,INDIAN
part5_4740,18,F,INDIAN
part5_4741,25,M,INDIAN
part5_4742,25,M,CHINESE
part5_4743,60,M,CHINESE
part5_4744,55,F,CHINESE
part5_6479,44,M,CHINESE
part5_6480,42,M,CHINESE
part5_6481,26,M,CHINESE
part5_6482,29,F,CHINESE
part5_6483,21,M,CHINESE
part5_6484,19,F,CHINESE
part5_4747,61,F,CHINESE
part5_4748,63,F,CHINESE
part5_4749,50,M,CHINESE
part5_4750,50,F,CHINESE
part5_4751,21,M,INDIAN
part5_4752,21,M,INDIAN
part5_4753,23,M,INDIAN
part5_4754,21,F,INDIAN
part5_4755,38,F,INDIAN
part5_4756,37,F,MALAY
part5_4757,24,F,MALAY
part5_4758,23,F,MALAY
part5_4759,34,M,CHINESE
part5_4760,34,F,CHINESE
part5_4761,54,F,CHINESE
part5_4762,55,F,CHINESE
part5_6485,18,F,CHINESE
part5_6486,18,F,CHINESE
part5_6487,26,F,CHINESE
part5_6488,26,F,CHINESE
part5_6489,22,F,INDIAN
part5_6490,19,M,INDIAN
part5_4763,29,M,MALAY
part5_4764,24,M,MALAY
part5_4765,26,F,CHINESE
part5_4766,25,M,CHINESE
part5_4767,47,F,CHINESE
part5_4768,43,F,CHINESE
part5_4769,19,M,CHINESE
part5_4770,19,M,CHINESE
part5_4771,18,F,CHINESE
part5_4772,18,F,CHINESE
part5_4773,48,F,CHINESE
part5_4774,25,M,CHINESE
part5_6491,33,F,INDIAN
part5_6492,25,F,CHINESE
part5_6495,23,F,INDIAN
part5_6496,23,F,CHINESE
part5_4775,20,F,INDIAN
part5_4776,20,F,INDIAN
part5_4777,21,F,MALAY
part5_4778,26,F,MALAY
part5_4779,29,M,INDIAN
part5_4780,30,F,INDIAN
part5_4781,24,F,CHINESE
part5_4782,23,M,CHINESE
part5_4783,62,M,CHINESE
part5_4784,55,F,CHINESE
part5_4785,26,M,CHINESE
part5_4786,26,F,CHINESE
part5_4787,58,F,CHINESE
part5_4788,62,M,CHINESE
part5_4789,18,M,CHINESE
part5_4790,19,M,CHINESE
part5_4791,46,F,CHINESE
part5_4792,51,F,CHINESE
part5_4793,52,M,CHINESE
part5_4794,52,M,CHINESE
part5_4795,44,F,CHINESE
part5_4796,52,F,CHINESE
part5_4797,54,F,CHINESE
part5_4798,34,F,CHINESE
part5_4799,55,F,CHINESE
part5_4800,20,F,CHINESE
part5_4801,18,M,INDIAN
part5_4802,19,M,INDIAN
part5_4803,62,F,CHINESE
part5_4804,62,F,CHINESE
part5_6499,19,M,CHINESE
part5_6500,19,F,CHINESE
part5_6501,19,M,CHINESE
part5_6502,18,M,CHINESE
part5_4805,52,F,CHINESE
part5_4806,52,M,CHINESE
part5_4807,33,M,MALAY
part5_4808,31,F,INDIAN
part5_4809,23,M,INDIAN
part5_4810,23,M,MALAY
part5_4811,55,F,CHINESE
part5_4812,58,M,CHINESE
part5_4813,41,F,CHINESE
part5_4814,41,F,CHINESE
part5_6503,19,M,CHINESE
part5_6504,19,F,CHINESE
part5_6505,21,M,INDIAN
part5_6506,21,M,INDIAN
part5_6507,20,F,CHINESE
part5_6508,21,F,CHINESE
part5_6509,27,M,MALAY
part5_6510,26,M,INDIAN
part5_4815,54,F,CHINESE
part5_4816,49,F,MALAY
part5_4817,42,F,CHINESE
part5_4818,44,F,CHINESE
part5_4819,34,F,CHINESE
part5_4820,32,F,CHINESE
part5_4821,21,M,MALAY
part5_4822,19,F,MALAY
part5_6511,26,M,CHINESE
part5_6512,26,M,CHINESE
part5_4823,49,F,CHINESE
part5_4824,48,M,CHINESE
part5_4825,55,M,CHINESE
part5_4826,57,M,CHINESE
part5_4827,25,F,CHINESE
part5_4828,24,F,CHINESE
part5_4829,58,F,CHINESE
part5_4830,58,M,CHINESE
part5_4831,26,F,CHINESE
part5_4832,30,M,CHINESE
part5_4833,35,M,CHINESE
part5_4834,32,M,CHINESE
part5_4835,21,F,MALAY
part5_4836,24,M,MALAY
part5_4837,54,M,CHINESE
part5_4838,48,F,CHINESE
part5_4839,33,M,CHINESE
part5_4840,30,F,CHINESE
part5_5515,25,M,CHINESE
part5_5516,25,M,CHINESE
part5_5517,38,M,MALAY
part5_5518,25,M,CHINESE
part5_5519,42,M,CHINESE
part5_5520,34,M,CHINESE
part5_5521,48,F,MALAY
part5_5522,23,M,MALAY
part5_5523,49,M,INDIAN
part5_5524,40,F,MALAY
part5_4841,45,F,CHINESE
part5_4842,46,F,CHINESE
part5_4843,18,F,CHINESE
part5_4844,18,F,CHINESE
part5_4845,62,F,CHINESE
part5_4846,64,F,CHINESE
part5_4847,19,F,INDIAN
part5_4848,19,F,INDIAN
part5_4849,28,F,CHINESE
part5_4850,32,M,CHINESE
part5_4851,56,F,CHINESE
part5_4852,57,M,CHINESE
part5_4853,21,F,CHINESE
part5_4854,23,M,CHINESE
part5_4855,42,F,CHINESE
part5_4856,49,F,CHINESE
part5_4857,56,M,CHINESE
part5_4858,56,M,CHINESE
part5_4859,41,M,CHINESE
part5_4860,42,M,CHINESE
part5_4861,29,F,INDIAN
part5_4862,30,F,INDIAN
part5_4863,24,M,CHINESE
part5_4864,25,F,CHINESE
part5_4865,49,F,CHINESE
part5_4866,52,F,CHINESE
part5_4867,38,F,CHINESE
part5_4868,49,M,CHINESE
part5_4869,44,F,CHINESE
part5_4870,55,F,CHINESE
part5_4871,38,M,MALAY
part5_4872,38,M,MALAY
part5_4873,19,F,CHINESE
part5_4874,19,M,CHINESE
part5_4875,35,M,INDIAN
part5_4876,48,M,CHINESE
part5_4877,53,M,CHINESE
part5_4878,32,F,CHINESE
part5_4879,23,F,MALAY
part5_4880,54,F,MALAY
part5_4881,27,M,CHINESE
part5_4882,25,M,CHINESE
part5_4883,21,M,CHINESE
part5_4884,21,M,CHINESE
part5_4885,39,F,MALAY
part5_4886,40,M,MALAY
part5_4887,19,M,INDIAN
part5_4888,40,F,INDIAN
part5_4889,19,M,CHINESE
part5_4890,20,M,CHINESE
part5_4891,28,M,INDIAN
part5_4892,23,F,INDIAN
part5_4893,28,F,MALAY
part5_4894,40,F,MALAY
part5_4895,20,M,INDIAN
part5_4896,20,F,INDIAN
part5_4897,35,M,INDIAN
part5_4898,35,M,INDIAN
part5_4899,24,M,MALAY
part5_4900,18,M,MALAY
part5_4901,18,F,INDIAN
part5_4902,20,M,CHINESE
part5_4903,25,M,MALAY
part5_4904,25,M,MALAY
part5_4905,19,F,CHINESE
part5_4906,19,F,CHINESE
part5_4907,36,F,MALAY
part5_4908,31,F,MALAY
part5_4909,26,F,MALAY
part5_4910,25,F,INDIAN
part5_4911,21,M,CHINESE
part5_4912,21,M,CHINESE
part5_4913,53,M,MALAY
part5_4914,56,F,MALAY
part5_4915,22,M,INDIAN
part5_4916,23,M,INDIAN
part5_4917,24,F,INDIAN
part5_4918,26,M,INDIAN
part5_4919,32,M,INDIAN
part5_4920,35,M,MALAY
part5_4921,40,F,CHINESE
part5_4922,47,M,CHINESE
part5_4923,46,M,CHINESE
part5_4924,44,F,CHINESE
part5_4925,23,F,INDIAN
part5_4926,23,F,INDIAN
part5_4927,20,M,MALAY
part5_4928,19,F,MALAY
part5_4929,18,M,INDIAN
part5_4930,19,F,INDIAN
part5_4931,28,M,INDIAN
part5_4932,26,F,INDIAN
part5_4933,42,M,MALAY
part5_4934,31,M,INDIAN
part5_4935,32,M,MALAY
part5_4936,31,M,MALAY
part5_4937,26,M,INDIAN
part5_4938,32,F,INDIAN
part5_4939,27,M,CHINESE
part5_4940,26,F,CHINESE
part5_4941,62,M,INDIAN
part5_4942,59,F,INDIAN
part5_4943,50,F,CHINESE
part5_4944,54,F,CHINESE
part5_4945,29,M,INDIAN
part5_4946,27,F,INDIAN
part5_4947,22,M,MALAY
part5_4948,22,M,MALAY
part5_4949,36,M,MALAY
part5_4950,63,M,MALAY
part5_4951,51,F,CHINESE
part5_4952,35,F,CHINESE
part5_4953,48,F,MALAY
part5_4954,55,M,MALAY
part5_4955,47,F,CHINESE
part5_4956,51,F,CHINESE
part5_4957,31,F,MALAY
part5_4958,33,F,MALAY
part5_4959,21,M,MALAY
part5_4960,21,F,MALAY
part5_4961,28,F,MALAY
part5_4962,24,F,MALAY
part5_4963,22,M,MALAY
part5_4964,20,F,MALAY
part5_4965,20,F,MALAY
part5_4966,20,F,MALAY
part5_4967,22,M,MALAY
part5_4968,20,M,INDIAN
part5_4969,29,M,MALAY
part5_4970,35,M,CHINESE
part5_4971,25,M,INDIAN
part5_4972,26,M,INDIAN
part5_4973,21,M,MALAY
part5_4974,22,F,MALAY
part5_4975,51,F,MALAY
part5_4976,26,F,MALAY
part5_4977,49,M,CHINESE
part5_4978,54,F,CHINESE
part5_4979,27,M,INDIAN
part5_4980,28,M,INDIAN
part5_4981,31,M,INDIAN
part5_4982,31,F,INDIAN
part5_4983,22,F,INDIAN
part5_4984,26,F,INDIAN
part5_4985,22,M,INDIAN
part5_4986,19,F,CHINESE
part5_4987,20,F,INDIAN
part5_4988,20,F,INDIAN
part5_4989,19,M,MALAY
part5_4990,19,M,MALAY
part5_4991,44,F,INDIAN
part5_4992,45,M,INDIAN
part5_4993,19,F,MALAY
part5_4994,19,F,MALAY
part5_4995,21,M,MALAY
part5_4996,21,M,MALAY
part5_4997,24,F,CHINESE
part5_4998,20,F,CHINESE
part5_4999,20,F,MALAY
part5_5000,22,M,MALAY
part5_5001,64,F,INDIAN
part5_5002,37,M,INDIAN
part5_5003,39,F,INDIAN
part5_5004,40,M,INDIAN
part5_5007,21,M,MALAY
part5_5008,19,M,MALAY
part5_5011,29,M,INDIAN
part5_5012,28,F,INDIAN
part5_5013,19,M,INDIAN
part5_5014,20,M,INDIAN
part5_5015,18,M,CHINESE
part5_5016,18,M,CHINESE
part5_5017,23,M,MALAY
part5_5018,25,M,INDIAN
part5_5019,20,F,INDIAN
part5_5020,20,F,MALAY
part5_5021,20,F,MALAY
part5_5022,20,F,MALAY
part5_5023,31,F,MALAY
part5_5024,41,M,MALAY
part5_5025,19,F,MALAY
part5_5026,19,F,MALAY
part5_5027,18,F,INDIAN
part5_5028,18,F,MALAY
part5_5029,22,M,MALAY
part5_5030,20,F,MALAY
part5_5031,33,M,INDIAN
part5_5032,38,M,INDIAN
part5_5035,18,F,CHINESE
part5_5036,29,M,CHINESE
part5_5037,20,F,MALAY
part5_5038,21,F,MALAY
part5_5039,19,F,INDIAN
part5_5040,26,F,INDIAN
part5_5041,20,F,MALAY
part5_5042,23,M,MALAY
part5_5043,34,F,MALAY
part5_5044,40,F,MALAY
part5_5045,20,F,MALAY
part5_5046,20,F,MALAY
part5_5047,23,M,INDIAN
part5_5048,22,F,MALAY
part5_5049,35,M,MALAY
part5_5050,35,M,MALAY
part5_5051,26,F,CHINESE
part5_5052,23,F,CHINESE
part5_5053,27,M,MALAY
part5_5054,24,F,MALAY
part5_5055,23,M,MALAY
part5_5056,23,M,MALAY
part5_5057,44,F,MALAY
part5_5058,43,F,MALAY
part5_5059,18,F,INDIAN
part5_5060,18,F,INDIAN
part5_5061,21,F,MALAY
part5_5062,21,F,MALAY
part5_5063,18,M,MALAY
part5_5064,18,M,MALAY
part5_5065,22,F,MALAY
part5_5066,25,M,MALAY
part5_5067,20,M,MALAY
part5_5068,19,M,MALAY
part5_5069,28,M,INDIAN
part5_5070,22,F,INDIAN
part5_5071,30,F,MALAY
part5_5072,31,M,MALAY
part5_5073,24,F,INDIAN
part5_5074,24,F,INDIAN
part5_5075,20,F,MALAY
part5_5076,18,F,MALAY
part5_5077,37,M,MALAY
part5_5078,31,M,MALAY
part5_5079,46,M,CHINESE
part5_5080,44,F,CHINESE
part5_5081,24,M,MALAY
part5_5082,24,M,MALAY
part5_5083,42,F,MALAY
part5_5084,52,M,MALAY
part5_5085,20,F,MALAY
part5_5086,21,F,MALAY
part5_5087,19,M,INDIAN
part5_5088,22,F,MALAY
part5_5089,24,M,MALAY
part5_5090,54,F,MALAY
part5_5091,24,F,INDIAN
part5_5092,25,F,INDIAN
part5_5093,19,M,CHINESE
part5_5094,18,F,CHINESE
part5_5095,20,F,MALAY
part5_5096,20,F,MALAY
part5_5097,19,F,MALAY
part5_5098,18,F,MALAY
part5_5099,20,M,INDIAN
part5_5100,20,M,MALAY
part5_5101,19,F,INDIAN
part5_5102,57,M,INDIAN
part5_5103,24,M,MALAY
part5_5104,33,M,MALAY
part5_5105,46,M,INDIAN
part5_5106,43,F,INDIAN
part5_5107,49,F,MALAY
part5_5108,25,F,INDIAN
part5_5111,20,F,INDIAN
part5_5112,23,M,INDIAN
part5_5113,59,M,MALAY
part5_5114,23,M,MALAY
part5_5115,21,F,INDIAN
part5_5116,20,M,INDIAN
part5_5117,52,M,CHINESE
part5_5118,54,M,INDIAN
part5_5119,24,M,INDIAN
part5_5120,24,M,INDIAN
part5_5123,23,F,INDIAN
part5_5124,24,F,INDIAN
part5_5125,31,F,MALAY
part5_5126,31,F,MALAY
part5_5127,62,M,MALAY
part5_5128,57,M,INDIAN
part5_5130,25,M,INDIAN
part5_5129,24,M,INDIAN
part5_5131,50,M,INDIAN
part5_5132,47,F,INDIAN
part5_5133,21,F,INDIAN
part5_5134,24,M,INDIAN
part5_5135,20,F,MALAY
part5_5136,20,F,MALAY
part5_5109,39,F,INDIAN
part5_5110,33,F,INDIAN
part5_5137,19,F,MALAY
part5_5138,18,M,INDIAN
part5_5139,23,M,INDIAN
part5_5140,23,M,INDIAN
part5_5141,24,M,INDIAN
part5_5142,24,F,INDIAN
part5_5143,22,M,MALAY
part5_5144,22,M,INDIAN
part5_5145,58,M,MALAY
part5_5146,56,F,MALAY
part5_5147,31,F,MALAY
part5_5148,31,F,MALAY
part5_5149,28,M,INDIAN
part5_5150,23,F,INDIAN
part5_5151,22,M,INDIAN
part5_5152,21,F,INDIAN
part5_5153,26,F,INDIAN
part5_5154,28,M,INDIAN
part5_5155,26,F,INDIAN
part5_5156,26,M,INDIAN
part5_5157,24,M,INDIAN
part5_5158,24,F,INDIAN
part5_5159,31,F,MALAY
part5_5160,33,F,MALAY
part5_5161,33,M,INDIAN
part5_5162,31,M,INDIAN
part5_5163,27,M,INDIAN
part5_5164,27,M,INDIAN
part5_5165,26,F,INDIAN
part5_5166,28,F,INDIAN
part5_5167,20,F,MALAY
part5_5168,19,F,MALAY
part5_5169,19,F,INDIAN
part5_5170,19,F,INDIAN
part5_5171,49,F,MALAY
part5_5172,51,F,MALAY
part5_5173,39,M,MALAY
part5_5174,38,F,MALAY
part5_5175,25,M,MALAY
part5_5176,25,M,MALAY
part5_5177,24,M,INDIAN
part5_5178,24,M,INDIAN
part5_5179,24,M,MALAY
part5_5180,23,M,MALAY
part5_5181,19,F,INDIAN
part5_5182,23,F,INDIAN
part5_5183,37,F,MALAY
part5_5184,34,M,MALAY
part5_5185,38,M,INDIAN
part5_5186,34,F,INDIAN
part5_5187,35,M,INDIAN
part5_5188,41,M,MALAY
part5_5189,25,M,INDIAN
part5_5190,25,M,INDIAN
part5_5191,22,M,INDIAN
part5_5192,21,F,INDIAN
part5_5193,26,F,INDIAN
part5_5194,59,M,INDIAN
part5_5195,22,F,MALAY
part5_5196,18,F,MALAY
part5_5197,50,F,MALAY
part5_5198,18,F,MALAY
part5_5199,46,M,MALAY
part5_5200,46,M,MALAY
part5_5201,23,F,INDIAN
part5_5202,35,F,INDIAN
part5_5203,44,M,MALAY
part5_5204,48,M,MALAY
part5_5205,23,M,INDIAN
part5_5206,23,F,INDIAN
part5_5207,22,M,INDIAN
part5_5208,22,F,INDIAN
part5_5209,31,M,INDIAN
part5_5210,32,F,INDIAN
part5_5211,24,M,MALAY
part5_5212,24,M,MALAY
part5_5213,28,M,INDIAN
part5_5214,23,F,INDIAN
part5_5217,31,F,INDIAN
part5_5218,28,F,MALAY
part5_5219,32,M,INDIAN
part5_5220,33,F,INDIAN
part5_5525,19,M,MALAY
part5_5526,19,M,MALAY
part5_5527,52,F,CHINESE
part5_5528,50,F,CHINESE
part5_5221,41,F,MALAY
part5_5222,48,M,MALAY
part5_5223,34,F,MALAY
part5_5224,33,M,MALAY
part5_5225,26,M,MALAY
part5_5226,25,M,MALAY
part5_5227,18,F,INDIAN
part5_5228,19,F,INDIAN
part5_5229,28,M,INDIAN
part5_5230,27,F,INDIAN
part5_5231,30,F,MALAY
part5_5232,26,F,MALAY
part5_5233,22,M,INDIAN
part5_5234,22,M,INDIAN
part5_5235,35,M,MALAY
part5_5236,37,M,MALAY
part5_5237,23,F,INDIAN
part5_5238,23,F,MALAY
part5_5239,20,F,INDIAN
part5_5240,20,M,INDIAN
part5_5243,40,F,INDIAN
part5_5244,50,M,INDIAN
part5_5245,22,M,MALAY
part5_5246,24,M,INDIAN
part5_5247,42,M,MALAY
part5_5248,39,F,MALAY
part5_5249,22,M,INDIAN
part5_5250,22,F,INDIAN
part5_5251,22,F,INDIAN
part5_5252,27,F,INDIAN
part5_5253,20,F,MALAY
part5_5254,21,F,MALAY
part5_5255,28,F,MALAY
part5_5256,29,F,MALAY
part5_5257,21,M,INDIAN
part5_5258,20,M,INDIAN
part5_5259,25,M,INDIAN
part5_5260,25,F,INDIAN
part5_5261,25,M,MALAY
part5_5262,25,F,MALAY
part5_5263,33,M,MALAY
part5_5264,30,M,INDIAN
part5_5265,30,M,INDIAN
part5_5266,30,M,INDIAN
part5_5267,19,F,INDIAN
part5_5268,20,F,INDIAN
part5_5269,39,F,MALAY
part5_5270,35,F,MALAY
part5_5271,36,M,MALAY
part5_5272,27,M,MALAY
part5_5273,41,F,INDIAN
part5_5274,40,F,MALAY
part5_5275,23,M,INDIAN
part5_5276,23,M,INDIAN
part5_5277,21,F,INDIAN
part5_5278,21,F,INDIAN
part5_5279,23,M,INDIAN
part5_5280,22,F,INDIAN
part5_5281,28,F,INDIAN
part5_5282,18,F,INDIAN
part5_5285,18,M,INDIAN
part5_5286,20,M,INDIAN
part5_5287,27,M,MALAY
part5_5288,18,M,MALAY
part5_5289,22,M,INDIAN
part5_5290,22,M,MALAY
part5_5283,36,M,INDIAN
part5_5284,40,M,INDIAN
part5_5291,21,F,INDIAN
part5_5292,20,F,INDIAN
part5_5293,23,M,INDIAN
part5_5294,23,M,INDIAN
part5_5295,30,F,MALAY
part5_5296,27,F,MALAY
part5_5297,19,M,INDIAN
part5_5298,20,M,INDIAN
part5_5299,29,F,MALAY
part5_5300,19,F,MALAY
part5_5301,29,F,MALAY
part5_5302,34,F,MALAY
part5_5303,27,M,MALAY
part5_5304,31,M,MALAY
part5_5305,23,M,INDIAN
part5_5306,23,F,INDIAN
part5_5307,21,F,INDIAN
part5_5308,25,M,INDIAN
part5_5309,40,F,INDIAN
part5_5310,42,M,INDIAN
part5_5311,36,F,MALAY
part5_5312,28,F,MALAY
part5_5313,24,M,INDIAN
part5_5314,24,M,INDIAN
part5_5315,21,F,INDIAN
part5_5316,21,F,INDIAN
part5_5317,22,M,INDIAN
part5_5318,22,M,INDIAN
part5_5319,21,F,INDIAN
part5_5320,23,F,INDIAN
part5_5321,18,F,INDIAN
part5_5322,18,F,INDIAN
part5_5323,29,M,INDIAN
part5_5324,26,M,INDIAN
part5_5325,22,F,MALAY
part5_5326,23,F,INDIAN
part5_5327,25,F,INDIAN
part5_5328,20,M,INDIAN
part5_5329,35,M,MALAY
part5_5330,30,M,MALAY
part5_5331,18,F,INDIAN
part5_5332,19,M,INDIAN
part5_5333,20,M,INDIAN
part5_5334,21,F,INDIAN
part5_5335,20,F,INDIAN
part5_5336,18,F,INDIAN
part5_5337,19,F,INDIAN
part5_5338,19,F,INDIAN
part5_5339,21,F,MALAY
part5_5340,19,F,MALAY
part5_5343,47,M,MALAY
part5_5344,48,M,INDIAN
part5_5345,28,F,MALAY
part5_5346,30,M,MALAY
part5_5347,39,F,MALAY
part5_5348,44,F,MALAY
part5_5349,35,M,MALAY
part5_5350,35,M,MALAY
part5_5351,31,F,MALAY
part5_5352,28,F,MALAY
part5_5355,22,F,MALAY
part5_5356,22,F,MALAY
part5_5357,24,M,INDIAN
part5_5358,23,M,MALAY
part5_5359,19,F,MALAY
part5_5360,19,F,MALAY
part5_5361,40,F,MALAY
part5_5362,45,F,INDIAN
part5_5363,23,M,INDIAN
part5_5364,23,M,INDIAN
part5_5365,31,M,MALAY
part5_5366,31,M,MALAY
part5_5367,31,M,MALAY
part5_5368,38,M,MALAY
part5_5369,20,F,MALAY
part5_5370,21,F,MALAY
part5_5371,21,F,INDIAN
part5_5372,22,F,INDIAN
part5_5373,21,F,MALAY
part5_5374,23,M,INDIAN
part5_5375,33,M,MALAY
part5_5376,34,F,MALAY
part5_5377,25,M,MALAY
part5_5378,25,M,MALAY
part5_5379,20,F,MALAY
part5_5380,55,F,MALAY
part5_5381,23,F,MALAY
part5_5382,23,F,MALAY
part5_5383,24,M,MALAY
part5_5384,24,M,MALAY
part5_5385,31,M,MALAY
part5_5386,34,F,MALAY
part5_5387,21,F,MALAY
part5_5388,19,F,MALAY
part5_5389,18,M,INDIAN
part5_5390,18,M,INDIAN
part5_5391,25,M,MALAY
part5_5392,25,M,INDIAN
part5_5393,21,F,INDIAN
part5_5394,23,M,INDIAN
part5_5395,19,F,INDIAN
part5_5396,20,F,INDIAN
part5_5397,27,M,MALAY
part5_5398,27,M,MALAY
part5_5399,24,M,INDIAN
part5_5400,21,M,INDIAN
part5_5401,23,F,INDIAN
part5_5402,24,F,INDIAN
part5_5403,22,F,MALAY
part5_5404,21,F,MALAY
part5_5405,18,F,MALAY
part5_5406,23,M,MALAY
part5_5407,21,M,INDIAN
part5_5408,22,M,INDIAN
part5_5409,24,F,INDIAN
part5_5410,24,F,INDIAN
part5_5411,18,M,INDIAN
part5_5412,18,M,INDIAN
part5_5413,20,F,INDIAN
part5_5414,20,M,INDIAN
part5_5415,20,F,MALAY
part5_5416,23,M,MALAY
part5_5417,26,M,MALAY
part5_5418,24,M,INDIAN
part5_5419,18,M,INDIAN
part5_5420,18,M,MALAY
part5_5421,35,F,MALAY
part5_5422,36,M,MALAY
part5_5423,21,F,MALAY
part5_5424,21,M,INDIAN
part5_5425,20,F,INDIAN
part5_5426,20,M,INDIAN
part5_5427,23,M,INDIAN
part5_5428,23,F,INDIAN
part5_5429,21,M,INDIAN
part5_5430,22,M,INDIAN
part5_5431,46,F,INDIAN
part5_5432,41,M,INDIAN
part5_5433,37,F,INDIAN
part5_5434,50,M,INDIAN
part5_5435,20,F,MALAY
part5_5436,21,F,MALAY
part5_5437,31,M,MALAY
part5_5438,28,M,INDIAN
part5_5439,21,M,INDIAN
part5_5440,21,M,INDIAN
part5_5441,31,F,INDIAN
part5_5442,20,F,INDIAN
part5_5443,23,M,INDIAN
part5_5444,22,M,INDIAN
part5_5445,49,F,MALAY
part5_5446,43,F,MALAY
part5_5447,40,F,MALAY
part5_5448,19,F,MALAY
part5_5449,22,M,INDIAN
part5_5450,22,M,INDIAN
part5_5451,38,M,INDIAN
part5_5452,38,M,INDIAN
part5_5453,53,M,INDIAN
part5_5454,51,M,INDIAN
part5_5455,56,F,CHINESE
part5_5456,52,F,CHINESE
part5_5457,52,F,CHINESE
part5_5458,52,F,CHINESE
part5_5459,53,F,CHINESE
part5_5460,61,M,CHINESE
part5_5461,40,F,CHINESE
part5_5462,43,F,CHINESE
part5_5463,42,F,MALAY
part5_5464,41,F,MALAY
part5_5465,50,M,INDIAN
part5_5466,48,F,CHINESE
part5_5467,58,F,CHINESE
part5_5468,58,F,CHINESE
part5_5469,39,F,MALAY
part5_5470,39,F,MALAY
part5_5471,47,M,CHINESE
part5_5472,45,F,CHINESE
part5_5473,62,F,CHINESE
part5_5474,31,M,CHINESE
part5_5479,50,M,CHINESE
part5_5480,57,M,CHINESE
part5_5481,59,M,INDIAN
part5_5482,50,M,INDIAN
part5_5483,64,F,CHINESE
part5_5484,65,F,CHINESE
part5_5485,54,M,INDIAN
part5_5486,48,F,INDIAN
part5_5487,32,F,MALAY
part5_5488,32,F,MALAY
part5_5489,65,F,CHINESE
part5_5490,64,M,CHINESE
part5_5491,39,F,MALAY
part5_5492,48,M,MALAY
part5_5493,36,F,MALAY
part5_5494,37,M,MALAY
part5_5495,35,F,CHINESE
part5_5496,33,M,CHINESE
part5_5497,37,F,CHINESE
part5_5498,31,F,CHINESE
part5_5499,32,F,CHINESE
part5_5500,35,M,CHINESE
part5_5501,31,M,INDIAN
part5_5502,32,F,CHINESE
part5_6513,21,F,INDIAN
part5_6514,21,M,MALAY
part5_5529,19,F,INDIAN
part5_5530,21,F,INDIAN
part5_6515,27,F,CHINESE
part5_6516,27,F,CHINESE
part5_5531,26,F,CHINESE
part5_5532,26,F,CHINESE
part5_5533,52,F,CHINESE
part5_5534,56,F,CHINESE
part5_5535,42,F,MALAY
part5_5536,35,F,MALAY
part5_5537,20,F,CHINESE
part5_5538,19,M,CHINESE
part5_5539,28,F,MALAY
part5_5540,26,F,MALAY
part5_5541,38,M,CHINESE
part5_5542,34,F,CHINESE
part5_5543,55,F,INDIAN
part5_5544,55,M,INDIAN
part5_5545,33,M,CHINESE
part5_5546,31,M,CHINESE
